MENU_HINT,EVENT_NAME,Name,WIN_LOSE,BSP,PPWAP,MORNINGWAP,PPMAX,PPMIN,IPMAX,IPMIN,MORNINGTRADEDVOL,PPTRADEDVOL,IPTRADEDVOL,age,weight,jockey,trainer,ratings,form,distance_behind,isp,position,race_surface,race_runners,race_going,race_distance,race_class,race_ages,non_runners
Newcastle 1st Jul,6f Grp 3,Tiber Flow,1,3.68087066,3.9721,4.2176,4.9,3.55,4.6,1.01,23662.13,102306.28,37541.14,4,131,Tom Marquand,W J Haggas,106,186542,,3.5,1,Allweather,8,Standard / Slow,1320,1,3+,None
Chester 1st Jul,1m4f Hcap,Croachill,0,17.67107622,11.6068,9.1525,15.0,9.0,1000.0,12.5,839.58,16104.99,2500.14,4,140,T P OShea,R Varian,78,236632,.5,11.0,6,Turf,8,Good (Good to Soft in places),2703,4,3+,None
Chester 1st Jul,2m Hcap,Malakahna,0,3.50866469,3.195,2.9619,3.55,2.86,940.0,3.45,1928.85,113867.47,20706.93,5,135,Callum Hutchinson,Ian Williams,80,626113,3,2.875,2,Turf,7,Good (Good to Soft in places),3496,4,4+,"['Myboymax', 'John The Baptist']"
Newcastle 1st Jul,6f Hcap,Lethal Levi,0,6.66951697,6.5306,6.4879,7.4,6.0,1000.0,5.2,15920.94,45677.78,5540.56,4,137,C Lee,K R Burke,99,196020,1.5,6.0,3,Allweather,9,Standard / Slow,1320,2,3+,None
Newmarket 1st Jul,1m2f Hcap,Wintercrack,0,36.0,25.7689,27.9769,38.0,25.0,1000.0,7.2,111.96,8687.22,3261.52,3,131,K T ONeill,Mrs P Sly,73,00176,1,26.0,3,Turf,9,Good,2200,5,3+,None
Windsor 1st Jul,1m3f Hcap,Cosmic Desert,0,52.42122082,43.2197,25.0889,60.0,18.0,1000.0,40.0,278.8,3912.4,1355.41,4,130,S M Levey,T Kent,89,243100,30,41.0,7,Turf,7,Good to Firm (Good in places),2519,2,4+,"['Postmark', 'Magical Morning']"
Lingfield 1st Jul,1m4f Hcap,Mysterious Maestro,0,5.2,4.1709,5.6948,6.8,3.95,1000.0,3.8,1437.14,63026.03,7670.21,3,130,Harry Burns,S  E Crisford,59,967505,4,4.333333333333333,7,Polytrack,8,Standard,2640,6,3,None
Doncaster 1st Jul,7f Mdn Stks,Meliora Venire,0,34.0,38.8274,17.9546,60.0,28.0,1000.0,11.5,40.06,3189.81,1673.27,2,126,ElleMay Croot,I Furtado,,,4,29.0,10,Turf,10,Good (Good to Firm in Places),1546,5,2,['Roubay']
Doncaster 1st Jul,6f Hcap,Brazen Bolt,0,38.0,19.7989,13.6666,40.0,13.5,90.0,3.6,264.12,7448.15,3688.4,6,134,Harry Russell,J J Quinn,84,124165,nk,26.0,2,Turf,10,Good (Good to Firm in Places),1322,4,4+,None
Windsor 1st Jul,6f Nov Stks,Sunday Belle,0,65.05417772,46.9176,37.1192,75.0,32.0,1000.0,15.0,68.96,2745.24,1129.75,2,128,Hector Crouch,Ian Williams,,,1.75,34.0,5,Turf,9,Good to Firm (Good in places),1332,5,2,None
Lingfield 1st Jul,1m2f Hcap,Lost In Time,0,2.8651875,3.0167,5.8074,5.96,2.64,1000.0,2.32,769.56,91646.25,14823.58,6,141,Jefferson Smith,D K Ivory,59,043480,1,3.5,2,Polytrack,9,Standard,2200,6,3+,"['Dark Gold', 'Maffeo Barberini']"
Newmarket 1st Jul,7f Mdn Stks,Dance Sequence,1,1.88897494,1.8742,1.9382,2.58,1.76,3.0,1.01,11062.3,289194.28,66456.58,2,128,W Buick,C Appleby,,,,1.8333333333333333,1,Turf,6,Good,1540,4,2,None
Windsor 1st Jul,1m Hcap,Snapcracklepop,0,6.4,5.0556,4.2399,7.6,4.6,1000.0,5.8,1002.48,42022.48,13222.57,4,131,Lewis Edmunds,W Muir  C Grassick,73,322643,1.75,6.0,5,Turf,5,Good to Firm (Good in places),1791,3,3+,None
Doncaster 1st Jul,7f Hcap,Pocket The Packet,0,24.92725057,21.2116,24.0069,38.0,16.0,1000.0,20.0,158.89,12087.54,1634.41,3,137,Faye McManoman,N Tinkler,77,317094,1.75,17.0,5,Turf,9,Good (Good to Firm in Places),1546,5,3,None
Doncaster 1st Jul,6f Mdn Stks,Billyjoh,1,8.67443878,8.975,11.6972,11.21,5.56,15.0,1.01,148.22,26667.92,21181.47,3,133,Frederick Larson,M Appleby,,,,8.0,1,Turf,12,Good (Good to Firm in Places),1322,5,3+,"['Sir Sidney Smith', 'Canaria Queen']"
Doncaster 1st Jul,6f Hcap,Barbill,0,60.59661464,34.4753,33.5189,95.0,10.0,990.0,40.0,184.31,7370.29,1315.09,7,129,Connor Beasley,D M Loughnane,79,950600,5.5,29.0,10,Turf,10,Good (Good to Firm in Places),1322,4,4+,None
Doncaster 1st Jul,6f Hcap,Cairn Gorm,0,9.0,6.6713,9.3441,9.4,6.4,900.0,7.0,232.03,30754.2,3550.21,5,131,Dane ONeill,K P De Foy,81,598654,2,8.0,3,Turf,10,Good (Good to Firm in Places),1322,4,4+,None
Doncaster 1st Jul,7f Mdn Stks,Tokyo Dreamer,0,23.30822163,17.8516,6.6605,28.0,13.0,490.0,3.05,57.31,11026.93,3172.77,2,128,David Egan,S C Williams,70,783,1,19.0,3,Turf,10,Good (Good to Firm in Places),1546,5,2,['Roubay']
Doncaster 1st Jul,6f Mdn Stks,Extinction,0,76.95567173,53.1795,27.4308,82.85,38.99,1000.0,70.0,16.0,4291.34,427.55,6,139,Stefano Cherchi,J Ferguson,,36,.75,34.0,10,Turf,12,Good (Good to Firm in Places),1322,5,3+,"['Sir Sidney Smith', 'Canaria Queen']"
Doncaster 1st Jul,7f Hcap,Snash,0,8.20121984,7.3594,6.4264,10.5,6.6,1000.0,14.5,738.42,24807.4,5482.34,5,130,D Allan,T D Easterby,80,055054,1,8.0,4,Turf,6,Good (Good to Firm in Places),1546,4,4+,None
Lingfield 1st Jul,7f Hcap,Amathus,1,9.4,8.887,8.0267,10.0,7.6,16.5,1.01,158.64,18195.84,28737.07,6,142,George Rooke,P R Chamings,65,748351,,7.5,1,Turf,8,Good to Firm,1540,6,3+,None
Lingfield 1st Jul,5f Hcap,Harb,0,4.04964288,3.8721,3.3532,4.3,3.6,1000.0,2.74,497.85,52758.29,7840.91,4,138,S W Kelly,P Crate,71,924546,.5,3.75,4,Turf,6,Good to Firm,1097,5,3+,['Regal Envoy']
Newmarket 1st Jul,7f Grp 3,Berkshire Shadow,0,3.97671263,4.5783,5.1733,5.4,3.95,1000.0,3.55,8876.59,86271.23,12196.63,4,133,James Doyle,A M Balding,113,641135,5.5,3.75,6,Turf,6,Good,1540,1,3+,None
Chester 1st Jul,1m4f Hcap,Blue Universe,0,7.61246041,7.1526,7.7017,8.2,6.4,1000.0,7.4,1073.54,30015.22,4710.11,3,124,F Norton,C Johnston,74,331205,1.5,6.0,7,Turf,8,Good (Good to Soft in places),2703,4,3+,None
Newcastle 1st Jul,7f Hcap,Zip,0,6.6,6.6232,6.2732,8.0,5.9,1000.0,1.14,1676.83,38814.88,26944.91,7,129,O J Orr,R A Fahey,90,216130,nk,5.5,2,Allweather,8,Standard / Slow,1554,2,3+,"['Safe Voyage', 'Chola Empire']"
Chester 1st Jul,6f Arab Grp 2,Ajs Saaeq A,0,2.04073343,2.1587,1.0,2.54,1.99,1000.0,1.69,0.0,78723.04,13102.16,5,141,T P OShea,M Al Attiyah,,21100,2,2.0,2,Turf,6,Good (Good to Soft in places),1338,,3+,None
Chester 1st Jul,7f Hcap,Equatorial,1,1.91,2.0916,2.3095,2.4,1.92,3.0,1.01,5648.54,253409.18,52776.17,3,131,F Norton,R Varian,93,221,,1.9090909090909092,1,Turf,7,Good (Good to Soft in places),1541,2,3,"['Distinguished Lady', 'Seeking Gold']"
Newmarket 1st Jul,7f Grp 3,Pogo,0,3.9848347,4.2276,4.0084,4.7,3.65,1000.0,3.2,20850.04,130335.28,17193.82,7,133,K Shoemark,C Hills,112,217000,sh,4.0,3,Turf,6,Good,1540,1,3+,None
Newcastle 1st Jul,2m Hcap,Rajinsky,0,42.0,30.4923,31.6492,42.0,18.5,1000.0,26.0,4001.37,14851.69,2212.73,7,138,Connor Planas,H Palmer,107,419165,8,26.0,17,Allweather,19,Standard / Slow,3576,2,3+,['Second Slip']
Lingfield 1st Jul,7f Hcap,Essme,0,9.26057737,9.5616,8.9016,14.5,8.4,190.0,7.6,296.82,28292.93,2298.79,5,123,Charlie Bennett,R Cook  J Bridger,45,099033,1.25,8.0,6,Turf,8,Good to Firm,1540,6,3+,None
Doncaster 1st Jul,1m2f Hcap,Mrs Meader,0,8.68522825,8.7461,6.9611,10.5,7.6,740.0,6.6,232.9,20262.99,5735.08,7,132,Frederick Larson,Miss J Feilden,67,211443,.5,7.5,3,Turf,7,Good (Good to Firm in Places),2243,5,4+,['Honky Tonk Town']
Newcastle 1st Jul,2m Hcap,Themaxwecan,0,76.99742287,84.0955,137.4865,190.0,42.0,890.0,50.0,1574.64,11901.01,1518.39,7,123,J Fanning,C Johnston,92,017930,2,41.0,10,Allweather,19,Standard / Slow,3576,2,3+,['Second Slip']
Chester 1st Jul,7f Hcap,Divine Libra,0,8.10710447,7.4271,4.71,9.4,4.1,1000.0,4.9,2532.9,38234.76,8880.57,3,123,D C Costello,C Hills,85,2414,.5,7.0,5,Turf,7,Good (Good to Soft in places),1541,2,3,"['Distinguished Lady', 'Seeking Gold']"
Newcastle 1st Jul,7f Hcap,Air To Air,0,6.42214516,6.1484,5.4243,7.2,4.51,1000.0,2.0,2688.61,40618.68,14900.39,5,132,Billy Loughnane,G Boughey,93,020927,1,5.5,4,Allweather,8,Standard / Slow,1554,2,3+,"['Safe Voyage', 'Chola Empire']"
Doncaster 1st Jul,6f Mdn Stks,Irish Dancer,0,33.21698484,35.4474,1.0,155.95,22.42,990.0,490.0,0.0,4825.07,781.29,3,133,D Nolan,D Carroll,,0,nk,23.0,12,Turf,12,Good (Good to Firm in Places),1322,5,3+,"['Sir Sidney Smith', 'Canaria Queen']"
Windsor 1st Jul,1m Nov Stks,Connected,0,21.0,15.1539,21.9799,26.0,16.5,1000.0,20.0,168.26,12290.13,2550.37,3,130,K Stott,K P De Foy,,,1.75,15.0,7,Turf,9,Good to Firm (Good in places),1791,2,3+,['Jimmy Frankham']
Doncaster 1st Jul,6f Mdn Stks,Roys Pursuit,0,171.5116067,114.3281,37.9011,194.94,82.85,990.0,65.0,20.0,1310.54,382.81,3,128,D Swift,S Spencer,,,1.5,67.0,8,Turf,12,Good (Good to Firm in Places),1322,5,3+,"['Sir Sidney Smith', 'Canaria Queen']"
Newcastle 1st Jul,1m2f Hcap,Cockalorum,0,11.83630224,9.9512,11.8132,14.5,10.0,1000.0,12.5,1303.02,22648.63,3151.3,8,129,Jason Hart,R Fell  S Murray,84,251145,hd,9.5,7,Allweather,8,Standard / Slow,2242,3,4+,['Maghlaak']
Windsor 1st Jul,1m Nov Stks,Kalamunda,0,54.32264584,29.1116,24.9783,70.0,23.0,1000.0,20.0,209.83,8795.08,2718.37,3,130,Hector Crouch,Joseph Parr,,8,.75,34.0,8,Turf,9,Good to Firm (Good in places),1791,2,3+,['Jimmy Frankham']
Newcastle 1st Jul,2m Hcap,Green Team,0,174.5518961,137.57,183.4833,270.0,66.36,1000.0,160.0,1019.14,5051.69,831.29,4,118,A Mullen,Ian Williams,87,904077,.5,101.0,12,Allweather,19,Standard / Slow,3576,2,3+,['Second Slip']
Windsor 1st Jul,1m3f Hcap,Youthful King,1,5.8,6.0558,6.3748,8.02,5.7,5.6,1.01,1614.67,32070.2,77004.64,4,126,Aidan Keeley,L A Dace,85,137913,,5.5,1,Turf,7,Good to Firm (Good in places),2519,2,4+,"['Postmark', 'Magical Morning']"
Newmarket 1st Jul,1m2f Hcap,Niarbyl Bay,0,12.68225872,11.7218,15.4079,21.0,12.0,1000.0,15.0,888.89,23395.63,2361.67,4,136,T E Whelan,H Candy,68,0534,hd,11.0,9,Turf,9,Good,2200,5,3+,None
Newcastle 1st Jul,1m2f Hcap,Mr Curiosity,0,65.0,42.2092,33.4965,80.0,32.0,1000.0,27.0,199.02,5719.86,1470.16,6,135,Cam Hardie,T D Easterby,90,310488,.5,41.0,5,Allweather,8,Standard / Slow,2242,3,4+,['Maghlaak']
Windsor 1st Jul,5f Hcap,Swayze,0,5.06818,5.7006,5.6768,6.24,4.97,1000.0,60.0,907.82,47935.03,4138.17,4,141,Lewis Edmunds,W Muir  C Grassick,91,216014,2.5,5.0,3,Turf,7,Good to Firm (Good in places),1121,3,3+,"['Crimson Sand', 'Swift Asset']"
Newmarket 1st Jul,1m Hcap,Dora Milaje,0,3.85,3.9372,3.881,4.3,3.53,940.0,2.0,2157.6,81768.44,32583.51,3,134,D Tudhope,D OMeara,83,11,.5,3.75,3,Turf,5,Good,1760,4,3+,"['Rajindri', 'Canoodled']"
Windsor 1st Jul,1m Nov Stks,Elnajmm,0,1.85183207,1.7621,1.914,2.0,1.72,460.0,1.02,7390.73,230292.8,78266.19,3,130,A J Farragher,W J Haggas,,2,sh,1.8,2,Turf,9,Good to Firm (Good in places),1791,2,3+,['Jimmy Frankham']
Newcastle 1st Jul,1m2f Hcap,Persist,0,7.62909878,5.8001,4.6334,8.4,4.3,1000.0,8.0,3382.03,52044.87,9102.46,4,132,Tom Marquand,W J Haggas,87,172216,sh,6.5,6,Allweather,8,Standard / Slow,2242,3,4+,['Maghlaak']
Newcastle 1st Jul,1m4f Hcap,Very Excellent,0,170.0,119.0995,39.6139,200.0,29.04,1000.0,55.0,59.93,2059.91,677.88,7,134,Cam Hardie,M E Sowersby,74,431038,2.5,67.0,7,Allweather,11,Standard / Slow,2738,5,4+,['Easter Island']
Chester 1st Jul,7f Nov Stks,Cobalt Blue,0,5.63039334,5.1866,3.6018,7.0,4.4,1000.0,4.9,622.25,49353.6,8540.12,3,130,J Mitchell,R Varian,78,042207,2.5,5.0,4,Turf,7,Good (Good to Soft in places),1667,4,3+,"['Parlando', 'Many A Year']"
Windsor 1st Jul,6f Nov Stks,Macanudo,0,2.38,2.6534,3.178,3.75,2.16,1000.0,1.44,1601.85,138205.54,29606.35,2,133,K Stott,R Hannon,,4,3.75,2.1,2,Turf,9,Good to Firm (Good in places),1332,5,2,None
Chester 1st Jul,7f Hcap,Think Climate,0,27.0,23.9399,17.4567,32.0,13.48,1000.0,440.0,544.86,10662.27,1869.06,3,126,S H James,Jane ChappleHyam,88,61199,,19.0,7,Turf,7,Good (Good to Soft in places),1541,2,3,"['Distinguished Lady', 'Seeking Gold']"
Newcastle 1st Jul,1m4f Hcap,King Of Unicorns,0,10.5,7.9874,7.6748,10.5,6.4,1000.0,7.0,716.08,20840.83,5785.24,6,128,Billy Garritty,Micky Hammond,68,334535,3,7.0,3,Allweather,11,Standard / Slow,2738,5,4+,['Easter Island']
Lingfield 1st Jul,1m2f Hcap,Handel,0,9.07688876,8.7431,9.1833,13.0,8.8,1000.0,2.56,144.36,15233.09,10095.06,5,139,Joey Haynes,C Banham,57,897633,.5,8.0,4,Polytrack,11,Standard,2200,6,3+,None
Windsor 1st Jul,6f Nov Stks,Irrelevant,0,150.19982171,72.6946,99.1361,170.0,38.0,1000.0,110.0,16.14,3815.35,427.01,2,133,Finley Marsh,R Hughes,,98,11,67.0,8,Turf,9,Good to Firm (Good in places),1332,5,2,None
Lingfield 1st Jul,6f Hcap,Senor Pockets,0,9.66789104,9.59,10.1952,10.5,8.8,8.4,8.4,84.9,12038.33,2086.63,3,133,Kaiya Fraser,H Spiller,59,200364,1.5,8.0,3,Turf,8,Good to Firm,1320,6,3+,['Bala Hatun']
Chester 1st Jul,5f Mdn Stks,Liv My Life,1,7.04742696,6.0571,5.9115,7.43,5.7,7.2,1.01,894.21,37620.36,17793.3,2,128,S Hitchcott,R Hannon,76,426,,6.0,1,Turf,7,Good (Good to Soft in places),1115,4,2,"['Si Si Senor', 'Project Frank', 'Indication Spirit']"
Newcastle 1st Jul,6f Grp 3,Witch Hunter,0,6.00922349,7.8588,8.7321,10.0,5.6,1000.0,4.8,5477.2,31163.71,5274.06,4,131,R Kingscote,R Hannon,108,020251,3,6.5,3,Allweather,8,Standard / Slow,1320,1,3+,None
Chester 1st Jul,6f Hcap,Hello Zabeel,0,15.05061482,10.9407,11.1334,18.0,9.8,1000.0,11.0,746.79,17483.73,3309.75,5,123,Rowan Scott,C Fellowes,75,511535,nk,12.0,5,Turf,8,Good (Good to Soft in places),1337,3,3+,"['Bear Profit', 'Paws For Thought']"
Newmarket 1st Jul,1m Hcap,Chealamy,0,6.2,6.3456,6.5687,7.8,5.48,80.0,1.5,796.75,34349.02,14488.78,3,131,Daniel Muscutt,J Ferguson,80,442951,nk,5.5,2,Turf,5,Good,1760,4,3+,"['Rajindri', 'Canoodled']"
Chester 1st Jul,5f Mdn Stks,Etoile Dalexandre,0,2.65659129,2.6868,2.8735,3.24,2.54,940.0,2.02,3370.48,154799.15,21361.05,2,128,Zak Wheatley,D Carroll,,4,1.25,2.875,3,Turf,7,Good (Good to Soft in places),1115,4,2,"['Si Si Senor', 'Project Frank', 'Indication Spirit']"
Lingfield 1st Jul,6f Hcap,Gonzaga,0,34.0,33.4097,26.7277,48.0,24.0,650.0,30.0,58.02,4326.56,703.4,8,126,Morgan Cole,J Bennett,45,464766,1,29.0,6,Turf,8,Good to Firm,1320,6,3+,['Bala Hatun']
Chester 1st Jul,5f Mdn Stks,Jungle Jim,0,8.47235377,8.8469,15.0882,19.87,7.95,1000.0,9.0,397.34,24807.39,3550.59,2,133,Phil Dennis,P D Evans,,,1,9.0,4,Turf,7,Good (Good to Soft in places),1115,4,2,"['Si Si Senor', 'Project Frank', 'Indication Spirit']"
Doncaster 1st Jul,6f Hcap,As If By Chance,0,10.95828286,9.4657,16.2078,16.5,9.4,1000.0,10.0,265.19,18370.57,2070.6,5,125,Faye McManoman,N Tinkler,75,549316,.5,9.0,7,Turf,10,Good (Good to Firm in Places),1322,4,4+,None
Doncaster 1st Jul,6f Hcap,Treacherous,0,8.1723943,7.2981,7.2994,9.0,6.8,950.0,9.2,604.36,24428.11,2727.41,9,127,Mark Winn,E De Giles,77,415515,nk,7.0,6,Turf,10,Good (Good to Firm in Places),1322,4,4+,None
Doncaster 1st Jul,7f Hcap,Concert Boy,0,8.8922468,8.7654,8.2585,10.5,7.2,1000.0,9.0,349.01,24404.7,2902.89,3,133,Jason Watson,D OMeara,73,447102,1.5,7.5,7,Turf,9,Good (Good to Firm in Places),1546,5,3,None
Windsor 1st Jul,6f Nov Stks,Shagraan,1,7.07056046,6.8581,7.3905,8.4,6.2,7.4,1.01,1238.18,23335.65,38619.64,2,133,William Cox,C G Cox,,7,,6.0,1,Turf,9,Good to Firm (Good in places),1332,5,2,None
Newcastle 1st Jul,2m Hcap,Matchless,0,142.64959135,105.6258,92.3478,170.0,70.0,950.0,120.0,1796.28,5460.85,555.97,5,119,G Lee,J Candlish,88,025513,1,67.0,13,Allweather,19,Standard / Slow,3576,2,3+,['Second Slip']
Doncaster 1st Jul,7f Hcap,Mudamer,0,6.6,5.1864,6.3447,8.4,5.1,1000.0,2.04,1045.78,42542.92,12385.28,4,133,D Nolan,G A Harker,83,100863,1.5,5.0,2,Turf,6,Good (Good to Firm in Places),1546,4,4+,None
Newmarket 1st Jul,1m2f Hcap,Therapist,1,10.5,9.9952,11.467,16.0,10.0,13.5,1.01,548.12,26686.81,37212.16,3,135,Rob Hornby,A M Balding,77,23235,,9.0,1,Turf,9,Good,2200,5,3+,None
Windsor 1st Jul,1m3f Hcap,Who Loves You Baby,0,3.65,3.6035,3.0249,4.0,2.5,1000.0,3.2,3036.01,47698.26,20797.89,3,135,Adam Tracey,J Ryan,55,0662,7.5,3.5,5,Turf,6,Good to Firm (Good in places),2519,6,3,['Little Tiger']
Newcastle 1st Jul,2m Hcap,Nathanael Greene,0,5.87913907,7.3448,10.7453,20.86,5.7,1000.0,5.4,16553.5,141836.37,14174.67,4,119,Andrea Atzeni,W J Haggas,88,214054,.75,5.5,4,Allweather,19,Standard / Slow,3576,2,3+,['Second Slip']
Newcastle 1st Jul,5f Nov Stks,Batal Zabeel,0,2.81546673,2.8606,2.8241,3.66,2.64,1000.0,2.5,5069.07,146595.87,10261.67,2,133,T Eaves,K A Ryan,,3,.5,2.75,3,Allweather,7,Standard / Slow,1100,3,2,"['Sweet Soul Music', 'Cloud King']"
Windsor 1st Jul,1m3f Hcap,Dees Dream,0,5.25119792,5.3754,6.3724,7.6,4.8,1000.0,2.16,1036.18,15927.93,19035.89,3,134,Taylor Fisher,M J Attwater,54,266767,4.25,4.5,2,Turf,6,Good to Firm (Good in places),2519,6,3,['Little Tiger']
Newcastle 1st Jul,1m4f Hcap,Ri Na Farraige,0,8.89349744,9.6851,11.1698,12.5,7.55,1000.0,7.4,501.23,17618.45,3874.46,6,130,O J Orr,R A Fahey,70,373160,13,8.5,11,Allweather,11,Standard / Slow,2738,5,4+,['Easter Island']
Lingfield 1st Jul,5f Hcap,Lady Jane Grey,0,8.37284794,7.5186,7.2161,10.82,6.6,1000.0,9.4,156.36,27148.66,2176.97,3,126,George Rooke,Rae Guest,64,375386,2.25,6.5,6,Turf,6,Good to Firm,1097,5,3+,['Regal Envoy']
Chester 1st Jul,5f Mdn Stks,Desert Master,0,5.54457325,4.9263,5.3194,6.22,4.32,44.0,4.7,1219.34,61198.81,6394.77,2,133,F Norton,J Tate,75,227,.75,5.0,2,Turf,7,Good (Good to Soft in places),1115,4,2,"['Si Si Senor', 'Project Frank', 'Indication Spirit']"
Doncaster 1st Jul,6f Hcap,Good Earth,0,3.76234857,3.5869,4.5751,4.5,3.55,990.0,3.55,1483.03,88158.97,11921.31,6,135,P Mulrennan,M Herrington,85,649212,hd,3.5,5,Turf,10,Good (Good to Firm in Places),1322,4,4+,None
Lingfield 1st Jul,1m4f Hcap,Climate Precedent,0,8.10037937,7.3581,10.6503,12.5,7.0,1000.0,2.04,989.05,24418.23,12477.85,3,134,PierreLouis Jamin,M L W Bell,63,452449,1,7.0,2,Polytrack,8,Standard,2640,6,3,None
Doncaster 1st Jul,7f Hcap,New Tycoon,0,10.5,11.8768,9.7243,16.5,8.6,1000.0,7.4,501.65,21414.57,4445.09,3,128,P Mulrennan,James Horton,68,7467,1.25,9.0,6,Turf,9,Good (Good to Firm in Places),1546,5,3,None
Newmarket 1st Jul,1m4f Hcap,Victoria Grove,0,50.0,29.8683,13.9724,65.0,15.5,1000.0,24.0,139.79,6773.76,1142.89,4,138,K Shoemark,H Spiller,76,518863,2.75,29.0,6,Turf,6,Good,2640,4,3+,['Aiming High']
Windsor 1st Jul,5f Hcap,Isle Of Lismore,0,5.8479,6.0713,6.8353,7.6,5.46,1000.0,5.6,701.59,39345.37,5297.98,5,132,K Stott,R M H Cowell,82,147422,hd,5.0,4,Turf,7,Good to Firm (Good in places),1121,3,3+,"['Crimson Sand', 'Swift Asset']"
Windsor 1st Jul,5f Hcap,Glamorous Breeze,1,8.09731142,8.2019,9.3872,10.23,6.82,8.4,1.06,813.92,27976.74,76640.21,5,132,William Cox,C Mason,82,386812,,7.5,1,Turf,7,Good to Firm (Good in places),1121,3,3+,"['Crimson Sand', 'Swift Asset']"
Chester 1st Jul,1m4f Hcap,Natchez Trace,0,9.0,8.1147,7.8528,9.4,5.9,1000.0,8.0,1331.03,26465.59,7043.1,6,139,Zak Wheatley,D Carroll,77,136501,1.25,8.0,3,Turf,8,Good (Good to Soft in places),2703,4,3+,None
Newcastle 1st Jul,6f Grp 3,Prince Of Pillo,0,44.7743065,37.5371,37.1502,65.0,26.0,1000.0,38.0,1112.92,4747.66,846.41,3,125,J Fanning,K Dalgleish,98,141390,hd,29.0,6,Allweather,8,Standard / Slow,1320,1,3+,None
Doncaster 1st Jul,7f Hcap,Riot,0,6.56503018,5.9091,6.8637,8.8,5.4,1000.0,3.6,737.65,36782.05,5593.45,6,131,Mark Winn,D OMeara,81,401553,4.5,6.0,5,Turf,6,Good (Good to Firm in Places),1546,4,4+,None
Doncaster 1st Jul,7f Hcap,Tipp Town,0,60.0,49.0419,53.0249,95.0,15.0,1000.0,30.0,92.75,5779.52,1025.64,3,130,Harry Russell,J J Quinn,70,507,2.25,34.0,9,Turf,9,Good (Good to Firm in Places),1546,5,3,None
Chester 1st Jul,7f Nov Stks,Boniato,0,60.0,38.9913,40.354,80.0,21.0,1000.0,30.0,25.88,8709.31,1060.75,3,125,Sean Kirrane,T D Easterby,,54,6,41.0,6,Turf,7,Good (Good to Soft in places),1667,4,3+,"['Parlando', 'Many A Year']"
Newcastle 1st Jul,2m Hcap,Rainbow Dreamer,0,37.99807604,33.6494,36.205,55.0,21.8,500.0,27.0,4216.3,19750.1,1938.23,10,131,Rossa Ryan,A King,100,512271,1,26.0,6,Allweather,19,Standard / Slow,3576,2,3+,['Second Slip']
Doncaster 1st Jul,7f Hcap,Northern Spirit,0,11.82364282,9.976,9.0921,12.0,8.4,970.0,6.4,370.5,19705.14,2720.84,3,131,Ben Robinson,B Ellison,71,913213,nk,8.5,4,Turf,9,Good (Good to Firm in Places),1546,5,3,None
Newmarket 1st Jul,1m2f Hcap,Total Lockdown,0,55.0,39.7201,33.5287,80.0,28.0,1000.0,20.0,172.48,9504.79,1888.53,4,138,P J McDonald,J Butler,70,215608,1.25,41.0,6,Turf,9,Good,2200,5,3+,None
Windsor 1st Jul,1m Nov Stks,Miss Bling Bling,0,210.0,108.5451,52.3381,210.0,40.38,1000.0,720.0,76.26,1681.85,173.07,3,125,Theodore Ladd,P J McBride,,,55,101.0,9,Turf,9,Good to Firm (Good in places),1791,2,3+,['Jimmy Frankham']
Chester 1st Jul,1m4f Hcap,Scintillante,1,4.3,4.0291,3.5104,4.5,2.98,4.7,1.01,4419.85,114191.55,37344.77,3,126,Hayley Turner,A M Balding,76,7352,,3.75,1,Turf,8,Good (Good to Soft in places),2703,4,3+,None
Windsor 1st Jul,6f Nov Stks,Mercian Warrior,0,11.00873789,9.7889,8.1677,11.5,7.8,1000.0,21.0,437.18,12302.8,3745.44,2,133,Charles Bishop,Eve Johnson Houghton,,,nk,9.0,3,Turf,9,Good to Firm (Good in places),1332,5,2,None
Lingfield 1st Jul,7f Hcap,Nibras Rainbow,0,13.5,10.7658,8.4679,13.5,9.0,1000.0,10.5,176.87,12386.72,2709.55,3,132,Joey Haynes,I Mohammed,63,400026,1,10.0,5,Turf,8,Good to Firm,1540,6,3+,None
Newcastle 1st Jul,2m Hcap,Cozone,0,66.32687264,49.8137,41.7014,80.0,19.0,1000.0,50.0,1118.97,5911.06,676.98,6,136,J Coen,M J Smith,84,230146,8.5,34.0,14,Allweather,14,Standard / Slow,3576,2,3+,None
Newcastle 1st Jul,2m Hcap,Berkshire Rocco,0,47.87555631,37.027,43.705,110.0,27.49,1000.0,22.0,3580.93,15191.39,1896.39,6,130,C Lee,A M Balding,99,412500,nk,29.0,11,Allweather,19,Standard / Slow,3576,2,3+,['Second Slip']
Chester 1st Jul,6f Hcap,Cuban Breeze,0,4.61984853,4.8556,6.8731,6.6,4.2,990.0,5.0,1221.67,65306.71,6810.95,5,130,Phil Dennis,P D Evans,83,805223,.5,4.0,4,Turf,8,Good (Good to Soft in places),1337,3,3+,"['Bear Profit', 'Paws For Thought']"
Lingfield 1st Jul,1m4f Hcap,Ectocross,0,26.0,21.9792,18.3216,34.0,23.0,1000.0,17.0,179.26,5940.06,2376.43,3,127,Paddy Bradley,S Dow,56,013899,1.25,23.0,4,Polytrack,8,Standard,2640,6,3,None
Newmarket 1st Jul,7f Grp 3,Audience,1,16.90263792,14.7349,12.7955,18.5,11.0,17.5,1.01,3427.07,22530.79,41153.19,4,133,R Havlin,J  T Gosden,107,220331,,15.0,1,Turf,6,Good,1540,1,3+,None
Doncaster 1st Jul,6f Mdn Stks,Bugle Beads,0,19.06369529,15.4001,6.5003,20.47,6.58,1000.0,10.5,546.01,11214.37,2138.32,3,128,Greg Cheyne,W J Haggas,,56,hd,13.0,5,Turf,12,Good (Good to Firm in Places),1322,5,3+,"['Sir Sidney Smith', 'Canaria Queen']"
Newcastle 1st Jul,2m Hcap,Good Show,0,33.92026209,35.5103,42.0544,75.0,21.0,1000.0,32.0,3828.26,16683.76,1612.69,4,122,Jason Hart,K Dalgleish,91,920318,14,29.0,19,Allweather,19,Standard / Slow,3576,2,3+,['Second Slip']
Lingfield 1st Jul,1m2f Hcap,Codswallop,0,32.5783929,28.1102,18.2223,38.0,20.0,1000.0,3.75,125.32,5996.11,4071.56,4,134,Charlie Bennett,A West,52,940757,.5,21.0,5,Polytrack,11,Standard,2200,6,3+,None
Newmarket 1st Jul,6f Listed,Cry Fiction,0,50.51686318,63.6382,57.6382,105.75,40.0,1000.0,30.0,539.37,4113.15,1469.59,2,128,Rob Hornby,J G Portman,,1,4,41.0,2,Turf,9,Good,1320,1,2,['Denruth Diamond']
Newmarket 1st Jul,1m4f Listed,New London,0,2.12152595,2.2545,2.1777,2.5,2.06,1000.0,1.94,40090.35,243823.16,39661.68,4,133,W Buick,C Appleby,115,112112,nk,2.1,3,Turf,5,Good,2640,1,4+,None
Windsor 1st Jul,5f Hcap,Ferrous,0,3.8986,3.6278,3.5988,4.09,3.12,1000.0,6.0,2746.82,125349.88,6472.05,3,131,Charles Bishop,Jack Channon,86,312631,.75,3.5,5,Turf,7,Good to Firm (Good in places),1121,3,3+,"['Crimson Sand', 'Swift Asset']"
Newcastle 1st Jul,6f Hcap,Batal Dubai,1,4.65065195,5.3291,6.094,8.4,4.4,34.0,1.01,24949.68,71813.04,53979.47,3,120,Oisin Murphy,H  R Charlton,88,13177,,4.5,1,Allweather,9,Standard / Slow,1320,2,3+,None
Newcastle 1st Jul,7f Hcap,Lord Of The Lodge,0,17.15548149,18.0369,14.422,28.0,15.0,1000.0,14.0,674.94,11726.29,4781.72,6,142,Sam Feilden,K R Burke,103,724040,1.75,13.0,5,Allweather,8,Standard / Slow,1554,2,3+,"['Safe Voyage', 'Chola Empire']"
Chester 1st Jul,6f Hcap,Roman Dragon,1,5.2,4.4477,4.2228,6.0,3.7,4.8,1.01,2537.25,87949.79,49421.12,4,126,Hayley Turner,H Palmer,79,400854,,4.5,1,Turf,8,Good (Good to Soft in places),1337,3,3+,"['Bear Profit', 'Paws For Thought']"
Newcastle 1st Jul,2m Hcap,Blow Your Horn,0,4.71919458,4.6602,5.2587,5.9,4.5,900.0,4.1,27838.18,157533.02,18176.0,6,129,R Kingscote,Ian Williams,70,644111,hd,4.0,8,Allweather,14,Standard / Slow,3576,2,3+,None
Newmarket 1st Jul,6f Listed,Point Of Attack,0,11.0,8.7258,12.5558,20.19,6.73,1000.0,11.0,4728.68,40159.56,1623.2,2,128,R Havlin,J  T Gosden,,2,.5,7.5,5,Turf,9,Good,1320,1,2,['Denruth Diamond']
Lingfield 1st Jul,1m2f Hcap,Moosmee,0,14.898975,11.9004,16.3775,24.45,11.84,1000.0,6.0,269.75,13032.7,3304.35,6,128,Christian Howarth,S Dow,46,904990,hd,13.0,3,Polytrack,9,Standard,2200,6,3+,"['Dark Gold', 'Maffeo Barberini']"
Lingfield 1st Jul,6f Hcap,Desert Illusion,0,17.03642102,12.5464,7.5327,16.5,7.07,1000.0,13.0,359.15,15858.92,1586.84,3,135,Molly Presland,I Mohammed,61,070239,3,13.0,8,Turf,8,Good to Firm,1320,6,3+,['Bala Hatun']
Doncaster 1st Jul,6f Mdn Stks,Operation Gimcrack,0,7.42451002,6.7342,5.6913,7.99,5.65,1000.0,9.0,744.46,31010.41,3740.08,3,133,P Mulrennan,B Smart,,,.75,6.5,9,Turf,12,Good (Good to Firm in Places),1322,5,3+,"['Sir Sidney Smith', 'Canaria Queen']"
Newcastle 1st Jul,2m Hcap,Aztec Empire,0,41.43175791,28.1118,38.8003,75.0,24.0,500.0,27.0,3741.32,25125.39,2380.62,4,120,Harry Davies,A M Balding,89,214166,1.25,23.0,3,Allweather,19,Standard / Slow,3576,2,3+,['Second Slip']
Lingfield 1st Jul,5f Hcap,Dream By Day,0,12.45458301,12.4138,8.8512,15.5,10.5,600.0,2.0,208.84,11732.84,5266.05,4,136,Joey Haynes,K P De Foy,69,015757,sh,11.0,2,Turf,6,Good to Firm,1097,5,3+,['Regal Envoy']
Doncaster 1st Jul,1m2f Hcap,Queens Company,0,5.1,5.1929,5.4498,6.0,4.5,1000.0,4.6,686.98,42226.36,5466.31,4,132,Dylan Hogan,Miss J Feilden,67,625151,1.75,4.5,5,Turf,7,Good (Good to Firm in Places),2243,5,4+,['Honky Tonk Town']
Newmarket 1st Jul,1m Hcap,Rising Bay,0,8.47585073,9.401,12.457,15.68,8.4,1000.0,8.6,880.08,30561.29,6818.22,3,127,Rob Hornby,A M Balding,76,8456,4.25,8.5,4,Turf,5,Good,1760,4,3+,"['Rajindri', 'Canoodled']"
Lingfield 1st Jul,7f Hcap,Inverinate,0,2.63757306,2.5529,3.1699,2.88,2.42,490.0,2.0,942.44,139851.32,25972.69,3,131,Jefferson Smith,I Mohammed,62,067421,.5,2.5,2,Turf,8,Good to Firm,1540,6,3+,None
Newcastle 1st Jul,5f Nov Stks,Markakol,1,2.57335954,2.5172,3.4517,3.66,2.37,3.05,1.01,2606.74,219181.03,37908.24,2,133,Andrea Atzeni,R Varian,,6,,2.5,1,Allweather,7,Standard / Slow,1100,3,2,"['Sweet Soul Music', 'Cloud King']"
Newcastle 1st Jul,5f Nov Stks,Zaman Daar,0,10.44946903,8.3475,8.7517,12.99,7.89,1000.0,11.0,472.18,27139.12,4943.8,2,133,Oisin Murphy,I Mohammed,,,1,8.5,6,Allweather,7,Standard / Slow,1100,3,2,"['Sweet Soul Music', 'Cloud King']"
Doncaster 1st Jul,7f Mdn Stks,Squeaker,0,12.94452381,14.8326,23.3841,23.0,12.0,230.0,8.2,8.4,9982.06,2756.71,2,126,Stefano Cherchi,M Botti,,,.5,11.0,2,Turf,10,Good (Good to Firm in Places),1546,5,2,['Roubay']
Lingfield 1st Jul,1m2f Hcap,Gilded Moon,0,32.31136606,17.2767,16.2816,34.0,15.5,1000.0,28.0,85.83,8229.18,1560.34,3,130,Harry Burns,E A L Dunlop,58,331573,8,21.0,11,Polytrack,11,Standard,2200,6,3+,None
Windsor 1st Jul,6f Nov Stks,Showpeace,0,100.31051054,44.4192,31.5709,90.0,23.0,1000.0,75.0,76.27,2854.84,336.86,2,133,George Bass,D J Coakley,,,3,34.0,9,Turf,9,Good to Firm (Good in places),1332,5,2,None
Newmarket 1st Jul,7f Mdn Stks,Race The Wind,0,4.9,4.2955,4.7959,5.1,4.1,1000.0,3.25,29534.34,107507.75,11494.5,2,128,James Doyle,C Appleby,,,2,4.0,4,Turf,6,Good,1540,4,2,None
Chester 1st Jul,7f Nov Stks,Dalatara,0,175.07290539,98.2842,90.1805,240.0,32.0,1000.0,40.0,12.0,3345.7,727.15,3,125,Alistair Rawlinson,D  C Kubler,,00,4.75,101.0,5,Turf,7,Good (Good to Soft in places),1667,4,3+,"['Parlando', 'Many A Year']"
Doncaster 1st Jul,1m2f Hcap,Bollin Margaret,0,2.48,2.4072,2.8705,2.6,2.22,1000.0,2.0,820.35,123261.77,25945.47,6,135,D Allan,T D Easterby,70,521243,1.25,2.375,4,Turf,7,Good (Good to Firm in Places),2243,5,4+,['Honky Tonk Town']
Lingfield 1st Jul,1m4f Hcap,Papa Ricco,0,14.5,14.2877,14.9429,22.0,13.5,1000.0,5.4,345.62,9318.02,2924.33,3,133,Robert Tart,S P C Woods,62,775134,1.25,13.0,5,Polytrack,8,Standard,2640,6,3,None
Windsor 1st Jul,1m Hcap,Sudden Ambush,1,4.7,4.0163,4.1203,5.8,3.95,4.2,1.01,1812.17,53996.63,41297.83,3,134,David Probert,A M Balding,85,312516,,4.0,1,Turf,5,Good to Firm (Good in places),1791,3,3+,None
Windsor 1st Jul,1m3f Hcap,City Streak,0,4.6,4.804,4.923,5.4,4.5,1000.0,4.4,1374.93,50585.3,9976.71,4,128,David Probert,A M Balding,87,122312,3.5,4.333333333333333,5,Turf,7,Good to Firm (Good in places),2519,2,4+,"['Postmark', 'Magical Morning']"
Doncaster 1st Jul,1m2f Hcap,Sids Annie,1,7.9004118,8.6072,7.1241,10.5,7.6,19.0,1.01,219.12,16053.95,15348.15,4,135,Dane ONeill,M D I Usher,70,421841,,7.5,1,Turf,7,Good (Good to Firm in Places),2243,5,4+,['Honky Tonk Town']
Lingfield 1st Jul,6f Hcap,Irish Dessert,0,7.48194776,8.1975,6.4646,14.0,6.0,950.0,6.0,363.46,20400.47,3496.28,3,132,PierreLouis Jamin,H Spiller,58,0796,hd,5.5,4,Turf,8,Good to Firm,1320,6,3+,['Bala Hatun']
Chester 1st Jul,7f Hcap,Starnberg,0,15.82530078,14.3426,13.2336,18.26,11.0,1000.0,4.8,989.83,18235.69,7529.67,3,135,S Hitchcott,R Hannon,97,422110,2.25,11.0,2,Turf,7,Good (Good to Soft in places),1541,2,3,"['Distinguished Lady', 'Seeking Gold']"
Chester 1st Jul,5f Mdn Stks,Heroic Angel,0,28.84013924,19.7198,15.8093,29.37,14.25,1000.0,7.2,206.91,11323.88,1948.66,2,128,Jonny Peate,R Fell  S Murray,,67,nk,21.0,5,Turf,7,Good (Good to Soft in places),1115,4,2,"['Si Si Senor', 'Project Frank', 'Indication Spirit']"
Lingfield 1st Jul,5f Hcap,Eeh Bah Gum,1,7.58168629,8.9759,9.1861,10.5,7.2,9.4,1.01,342.66,19103.46,23379.11,8,140,Laura Coughlan,I Furtado,73,201159,,7.5,1,Turf,6,Good to Firm,1097,5,3+,['Regal Envoy']
Newcastle 1st Jul,6f Grp 3,Mount Athos,0,6.19893722,5.8336,5.8698,6.6,5.2,1000.0,4.9,8558.89,38198.83,5923.75,4,131,N Callan,J Tate,103,241112,2.5,5.5,5,Allweather,8,Standard / Slow,1320,1,3+,None
Windsor 1st Jul,1m3f Hcap,Rhea Of The Year,0,9.86022403,12.1062,12.2743,16.0,9.4,1000.0,6.0,573.43,7828.88,5125.8,3,130,Rose Dawes,R Eddery,50,868608,11,9.0,6,Turf,6,Good to Firm (Good in places),2519,6,3,['Little Tiger']
Chester 1st Jul,6f Hcap,Hyperfocus,0,22.79299836,14.3283,10.8762,24.0,9.53,1000.0,7.6,774.48,15413.73,4052.91,9,142,Sean Kirrane,T D Easterby,95,302201,nk,17.0,3,Turf,8,Good (Good to Soft in places),1337,3,3+,"['Bear Profit', 'Paws For Thought']"
Chester 1st Jul,2m Hcap,Military Two Step,1,3.63943502,3.7799,3.219,4.0,3.45,4.8,1.01,998.14,86523.5,43952.31,5,137,F Norton,C Johnston,82,436584,,3.5,1,Turf,7,Good (Good to Soft in places),3496,4,4+,"['Myboymax', 'John The Baptist']"
Doncaster 1st Jul,7f Hcap,Mobashr,1,17.36875996,12.2197,14.9897,22.0,12.5,30.0,1.01,381.99,17462.41,26261.43,5,124,Jason Watson,M Appleby,74,936877,,12.0,1,Turf,6,Good (Good to Firm in Places),1546,4,4+,None
Newcastle 1st Jul,2m Hcap,Adjuvant,0,7.77308512,7.8101,8.566,9.6,7.4,1000.0,3.35,19339.53,86328.58,12988.24,4,125,Billy Loughnane,M L W Bell,94,835821,hd,7.0,5,Allweather,19,Standard / Slow,3576,2,3+,['Second Slip']
Windsor 1st Jul,1m Nov Stks,Alsakib,1,6.01935709,5.6026,6.227,7.8,5.6,29.0,1.01,1149.74,45135.52,81078.68,3,136,David Probert,A M Balding,,21,,5.0,1,Turf,9,Good to Firm (Good in places),1791,2,3+,['Jimmy Frankham']
Windsor 1st Jul,1m Nov Stks,Zodiac Star,0,8.2,6.9354,11.2957,13.5,6.8,1000.0,2.42,503.58,28439.54,12082.15,3,130,R Coakley,A King,81,443,.75,6.5,5,Turf,9,Good to Firm (Good in places),1791,2,3+,['Jimmy Frankham']
Lingfield 1st Jul,6f Hcap,Goose Rock,0,34.8638816,27.1135,18.6969,36.0,12.42,890.0,25.0,101.06,4979.3,838.16,3,129,Tommie Jakes,J Ryan,55,315735,nk,23.0,5,Turf,8,Good to Firm,1320,6,3+,['Bala Hatun']
Newcastle 1st Jul,2m Hcap,Calling The Wind,1,19.96393401,16.9993,19.236,24.0,16.5,21.0,1.01,7045.03,32114.87,30396.07,7,130,N Callan,R Hughes,99,370462,,15.0,1,Allweather,19,Standard / Slow,3576,2,3+,['Second Slip']
Newcastle 1st Jul,1m2f Hcap,Innse Gall,0,8.44225261,7.3609,10.6291,10.5,8.2,1000.0,5.8,1135.5,31156.45,7162.68,5,124,Rossa Ryan,I Jardine,79,134253,.5,7.5,3,Allweather,8,Standard / Slow,2242,3,4+,['Maghlaak']
Windsor 1st Jul,6f Nov Stks,Chiedozie,0,5.29913421,4.916,3.9299,5.6,3.75,1000.0,3.5,1464.68,45491.05,8838.42,2,133,David Probert,C Hills,,6,1.25,4.5,4,Turf,9,Good to Firm (Good in places),1332,5,2,None
Chester 1st Jul,6f Hcap,Princess Shabnam,0,7.0,5.795,7.3324,9.53,5.0,1000.0,4.5,1591.94,41847.08,7355.1,4,141,F Norton,S P C Woods,94,080650,1.5,6.0,2,Turf,8,Good (Good to Soft in places),1337,3,3+,"['Bear Profit', 'Paws For Thought']"
Lingfield 1st Jul,1m2f Hcap,Fravanco,1,22.3269734,15.3918,13.6994,23.0,12.0,30.0,1.01,92.58,8503.68,15184.72,4,142,George Rooke,M Madgwick,60,557,,15.0,1,Polytrack,11,Standard,2200,6,3+,None
Newmarket 1st Jul,1m4f Listed,Phantom Flight,0,6.71956344,5.9226,6.607,11.5,4.6,1000.0,4.6,14029.16,65162.69,8905.28,4,128,P J McDonald,James Horton,107,131733,1.75,6.0,4,Turf,5,Good,2640,1,4+,None
Newcastle 1st Jul,7f Hcap,Marshal Dan,0,20.39559638,17.1326,14.7441,25.0,13.0,1000.0,15.5,582.59,12412.54,2374.1,8,127,Rossa Ryan,H Main,88,814308,6.5,13.0,8,Allweather,8,Standard / Slow,1554,2,3+,"['Safe Voyage', 'Chola Empire']"
Newcastle 1st Jul,1m4f Hcap,Vallamorey,0,21.11551775,24.243,17.1799,30.0,14.52,1000.0,29.0,220.74,7065.14,1760.95,5,132,T Eaves,C W Fairhurst,72,66310,1.25,19.0,6,Allweather,11,Standard / Slow,2738,5,4+,['Easter Island']
Doncaster 1st Jul,6f Hcap,Ghathanfar,0,7.560459,7.0722,9.9487,11.0,7.0,960.0,9.2,541.89,35161.76,2319.85,7,132,D Nolan,Miss Tracy Waggott,82,888957,nk,6.5,8,Turf,10,Good (Good to Firm in Places),1322,4,4+,None
Newcastle 1st Jul,7f Hcap,The Gatekeeper,0,4.86702234,4.9619,5.6293,8.21,4.2,1000.0,4.1,3869.34,78238.16,14270.15,4,132,Andrea Atzeni,C Johnston,93,154160,4,4.5,3,Allweather,8,Standard / Slow,1554,2,3+,"['Safe Voyage', 'Chola Empire']"
Newcastle 1st Jul,1m4f Hcap,Victory,0,6.05594771,7.3152,12.3769,12.1,5.9,1000.0,5.2,442.8,35925.18,11826.28,4,133,Rossa Ryan,A King,73,125279,.5,5.5,2,Allweather,11,Standard / Slow,2738,5,4+,['Easter Island']
Windsor 1st Jul,1m Hcap,Sly Madam,0,14.2694011,9.357,8.7381,15.0,8.0,940.0,2.96,1216.37,20774.76,11812.28,5,141,Charles Bishop,Miss S West,83,162580,nk,11.0,2,Turf,5,Good to Firm (Good in places),1791,3,3+,None
Doncaster 1st Jul,6f Mdn Stks,Manila Style,0,126.7097,65.0353,46.6305,146.2,14.62,1000.0,42.0,19.61,2455.78,473.91,3,133,D Allan,T D Easterby,,54,1.5,51.0,7,Turf,12,Good (Good to Firm in Places),1322,5,3+,"['Sir Sidney Smith', 'Canaria Queen']"
Newcastle 1st Jul,1m2f Hcap,Qaasid,0,8.98226031,7.0818,7.8283,9.8,7.6,1000.0,6.0,1193.63,29647.23,6797.8,5,130,G Lee,Miss J A Camacho,85,712323,4.75,7.5,2,Allweather,8,Standard / Slow,2242,3,4+,['Maghlaak']
Newmarket 1st Jul,7f Grp 3,Sam Maximus,0,32.30798252,29.157,26.6825,36.0,21.0,1000.0,25.0,1197.73,9701.65,1997.96,4,133,P J McDonald,James Horton,107,300126,.5,26.0,5,Turf,6,Good,1540,1,3+,None
Lingfield 1st Jul,1m2f Hcap,Third Batch,0,8.10149726,6.865,6.1154,8.6,6.2,1000.0,12.5,317.76,30586.32,2137.71,3,136,Robert Tart,S P C Woods,64,448733,nse,6.5,7,Polytrack,11,Standard,2200,6,3+,None
Lingfield 1st Jul,1m2f Hcap,Zebra Star,0,9.96602199,7.9919,7.4136,12.5,7.4,1000.0,7.0,470.65,18594.01,4196.47,3,133,Oliver Stammers,Miss A Murphy,61,734583,2.75,8.0,8,Polytrack,11,Standard,2200,6,3+,None
Newcastle 1st Jul,2m Hcap,Sir Chauvelin,0,189.75060146,106.9193,158.8711,230.0,65.0,1000.0,50.0,1066.71,7600.19,1013.71,11,119,William Pyle,J S Goldie,88,700830,hd,51.0,8,Allweather,19,Standard / Slow,3576,2,3+,['Second Slip']
Lingfield 1st Jul,1m2f Hcap,Global Grandeur,0,32.48520579,17.4891,19.5576,36.67,15.28,1000.0,36.0,141.04,8275.26,1391.72,4,139,Harry Burns,J Butler,57,608,,29.0,9,Polytrack,9,Standard,2200,6,3+,"['Dark Gold', 'Maffeo Barberini']"
Newcastle 1st Jul,2m Hcap,Omniscient,0,8.37376346,10.8582,13.4232,16.5,8.0,600.0,5.0,12894.86,64763.03,9315.2,4,126,L Morris,Sir Mark Prescott,95,433181,hd,8.5,7,Allweather,19,Standard / Slow,3576,2,3+,['Second Slip']
Lingfield 1st Jul,6f Hcap,Spirit Of Breeze,0,4.2,4.1034,5.1358,5.54,3.8,1000.0,3.55,357.11,50663.56,5481.8,3,136,Paddy Bradley,G L Moore,62,634764,2.75,4.0,2,Turf,8,Good to Firm,1320,6,3+,['Bala Hatun']
Doncaster 1st Jul,1m2f Hcap,Mogwai,0,11.83982222,10.0495,8.5139,12.0,8.6,1000.0,1.32,248.94,15454.45,14772.26,4,132,David Egan,S P C Woods,67,252434,.5,9.0,2,Turf,7,Good (Good to Firm in Places),2243,5,4+,['Honky Tonk Town']
Lingfield 1st Jul,1m4f Hcap,Surge,0,20.0,11.0146,8.0703,27.0,7.0,1000.0,16.0,948.61,29228.77,5342.88,3,135,Alec Voikhansky,D Menuisier,64,050,12,17.0,8,Polytrack,8,Standard,2640,6,3,None
Windsor 1st Jul,1m3f Hcap,Foinix,0,12.44145074,15.343,10.8738,18.5,7.8,980.0,6.0,535.75,5449.99,5569.63,3,137,Aidan Keeley,Miss Gay Kelleway,57,312560,11,11.0,4,Turf,6,Good to Firm (Good in places),2519,6,3,['Little Tiger']
Doncaster 1st Jul,1m2f Hcap,Miss Harmony,0,21.0,21.0956,20.801,24.0,17.0,1000.0,14.5,173.08,6170.91,2065.24,4,123,Joe Bradnam,M L W Bell,58,341767,2.25,17.0,7,Turf,7,Good (Good to Firm in Places),2243,5,4+,['Honky Tonk Town']
Newcastle 1st Jul,2m Hcap,Mostly Sunny,0,6.56314076,5.8742,6.767,8.0,6.2,150.0,3.3,9223.82,56349.74,10292.81,4,130,Jason Hart,H Main,78,021772,.5,6.0,2,Allweather,14,Standard / Slow,3576,2,3+,None
Windsor 1st Jul,1m3f Hcap,The Whipmaster,0,6.75578265,6.4894,6.5431,7.4,5.8,950.0,6.6,1112.18,24561.34,6161.4,5,130,T P Queally,G L Moore,89,267801,1,5.5,6,Turf,7,Good to Firm (Good in places),2519,2,4+,"['Postmark', 'Magical Morning']"
Chester 1st Jul,1m4f Hcap,Paisano,0,47.144588,36.8181,19.8762,60.0,20.0,880.0,30.0,448.61,7269.07,2358.72,3,124,D C Costello,R M Beckett,74,3695,9,34.0,8,Turf,8,Good (Good to Soft in places),2703,4,3+,None
Newmarket 1st Jul,1m4f Hcap,D Day Arvalenreeva,0,8.03896269,7.8652,5.8694,9.6,5.79,1000.0,5.5,584.39,24037.77,4735.14,3,122,K T ONeill,K P De Foy,72,7541,5.5,7.0,2,Turf,6,Good,2640,4,3+,['Aiming High']
Newmarket 1st Jul,6f Listed,Indispensable,0,27.0,19.2131,17.1057,28.0,11.06,1000.0,11.5,1859.46,11277.85,1551.91,2,128,Cieren Fallon,W J Haggas,82,321,4,17.0,4,Turf,9,Good,1320,1,2,['Denruth Diamond']
Newmarket 1st Jul,1m Hcap,One Morning,0,6.4,5.4622,4.3283,6.6,4.07,1000.0,8.0,2154.52,47344.35,6889.84,4,142,James Doyle,M L W Bell,82,2134,15,5.5,5,Turf,5,Good,1760,4,3+,"['Rajindri', 'Canoodled']"
Newcastle 1st Jul,6f Grp 3,Iconic Moment,0,18.3032171,20.2138,24.5365,40.0,16.0,1000.0,9.0,1651.19,9167.84,2933.12,3,125,Rossa Ryan,J Tate,99,11148,1.5,15.0,7,Allweather,8,Standard / Slow,1320,1,3+,None
Newcastle 1st Jul,2m Hcap,Post Impressionist,0,9.93428161,8.9092,9.4281,12.0,6.2,1000.0,10.5,19098.55,65221.22,7130.61,4,126,Tom Marquand,W J Haggas,95,204331,.5,9.0,14,Allweather,19,Standard / Slow,3576,2,3+,['Second Slip']
Lingfield 1st Jul,7f Hcap,Ajrad,0,14.9075804,13.0787,10.6949,15.5,11.0,1000.0,11.5,323.57,8904.11,2740.29,5,140,S W Kelly,M J Attwater,63,187854,6.5,11.0,8,Turf,8,Good to Firm,1540,6,3+,None
Newcastle 1st Jul,2m Hcap,Vino Victrix,0,29.0,18.4645,17.5807,34.0,13.0,1000.0,21.0,11849.27,35859.29,4648.77,5,124,Benoit D L Sayette,H Morrison,93,212480,.5,19.0,9,Allweather,19,Standard / Slow,3576,2,3+,['Second Slip']
Newmarket 1st Jul,7f Mdn Stks,Hagwa,0,14.28577097,12.1727,16.8521,19.5,14.0,1000.0,16.0,343.8,17036.01,3750.92,2,128,D Tudhope,Tom Clover,,,4,13.0,5,Turf,6,Good,1540,4,2,None
Windsor 1st Jul,5f Hcap,Woolhampton,0,26.14830841,17.2671,11.4144,27.29,10.72,50.0,1.14,736.4,13299.31,15997.03,3,126,R Coakley,B R Millman,81,318755,hd,19.0,2,Turf,7,Good to Firm (Good in places),1121,3,3+,"['Crimson Sand', 'Swift Asset']"
Doncaster 1st Jul,7f Mdn Stks,Tiora,0,6.31389698,6.4276,6.8616,7.8,4.9,900.0,6.2,452.24,28586.46,4891.51,2,126,P Mulrennan,Patrick Owens,,63,nk,5.5,5,Turf,10,Good (Good to Firm in Places),1546,5,2,['Roubay']
Lingfield 1st Jul,7f Hcap,Kodi Noir,0,43.1828039,37.1233,26.4226,60.0,11.0,1000.0,28.0,54.48,4916.79,830.43,3,128,Christian Howarth,Alice Haynes,59,986089,nk,34.0,7,Turf,8,Good to Firm,1540,6,3+,None
Newcastle 1st Jul,2m Hcap,Golden Rules,0,8.52443438,6.4574,5.7401,9.8,4.2,1000.0,3.6,84418.56,227697.46,18725.03,6,125,Oisin Murphy,D Faulkner,94,212441,.5,5.5,2,Allweather,19,Standard / Slow,3576,2,3+,['Second Slip']
Doncaster 1st Jul,7f Mdn Stks,Carnaby Princess,0,46.91144608,38.4998,30.8462,60.0,27.0,48.0,5.0,11.16,4713.23,1882.57,2,126,D Fentiman,T D Easterby,,5,1.25,29.0,7,Turf,10,Good (Good to Firm in Places),1546,5,2,['Roubay']
Newcastle 1st Jul,6f Hcap,Aleezdancer,0,14.5,15.0051,15.8215,18.5,12.0,1000.0,13.0,4547.7,10238.86,1372.86,4,136,N Callan,K A Ryan,98,303160,.5,12.0,9,Allweather,9,Standard / Slow,1320,2,3+,None
Lingfield 1st Jul,5f Nov Stks,Talking Rubbish,0,38.0,27.2394,38.1433,48.0,24.0,1000.0,34.0,16.06,7194.91,505.67,2,128,S W Kelly,P Crate,,,12,26.0,5,Turf,5,Good to Firm,1097,5,2,['Mullingar Girl']
Newmarket 1st Jul,1m4f Listed,Al Aasy,0,3.9,3.8588,3.9755,4.5,3.35,1000.0,3.45,21387.34,113126.41,14213.55,6,131,Jim Crowley,W J Haggas,115,122481,22,3.25,5,Turf,5,Good,2640,1,4+,None
Newmarket 1st Jul,1m2f Hcap,V Twelve,0,9.4,9.3031,10.1389,13.5,9.2,1000.0,9.0,980.15,31791.91,3746.57,4,137,K Shoemark,E Walker,69,321044,.5,8.5,5,Turf,9,Good,2200,5,3+,None
Newcastle 1st Jul,1m2f Hcap,Shimmering Sands,0,10.0,6.4986,4.6685,10.5,4.0,1000.0,7.2,6974.94,65626.09,7812.14,4,123,S A Gray,M  D Easterby,78,131031,21,7.0,8,Allweather,8,Standard / Slow,2242,3,4+,['Maghlaak']
Newcastle 1st Jul,2m Hcap,Hadrianus,0,8.0,6.9088,7.9626,12.5,6.6,1000.0,8.0,10352.53,54913.75,6952.54,3,137,Oisin Murphy,C Johnston,102,212330,.5,7.0,7,Allweather,14,Standard / Slow,3576,2,3+,None
Newcastle 1st Jul,7f Hcap,Utilis,0,11.0,10.8229,10.1293,14.5,5.4,1000.0,10.5,1835.23,19977.0,3674.13,3,116,L Morris,B Ellison,85,324623,2.25,9.5,7,Allweather,8,Standard / Slow,1554,2,3+,"['Safe Voyage', 'Chola Empire']"
Doncaster 1st Jul,7f Mdn Stks,China Trade,0,6.8,6.9955,8.1505,8.2,5.6,1000.0,5.9,38.6,16655.45,4495.13,2,126,Connor Beasley,C Johnston,,5,2.25,6.5,4,Turf,10,Good (Good to Firm in Places),1546,5,2,['Roubay']
Newmarket 1st Jul,1m2f Hcap,Dog Fox,0,6.48514276,4.9617,4.9893,7.2,4.5,900.0,7.0,1727.41,75123.38,6143.22,3,132,Hollie Doyle,E A L Dunlop,74,578113,nse,5.0,7,Turf,9,Good,2200,5,3+,None
Windsor 1st Jul,1m3f Hcap,Manxman,1,5.24014586,5.5261,8.1355,10.5,4.9,34.0,1.01,1132.68,15126.77,35538.49,3,126,Luke Catton,S  E Crisford,45,000,,5.0,1,Turf,6,Good to Firm (Good in places),2519,6,3,['Little Tiger']
Newmarket 1st Jul,7f Mdn Stks,Upscale,0,10.0,7.594,7.771,11.5,5.1,1000.0,3.3,847.64,27885.47,13340.81,2,128,Rob Hornby,A M Balding,,,.5,7.5,2,Turf,6,Good,1540,4,2,None
Doncaster 1st Jul,7f Hcap,Solar Orbiter,0,2.13693388,1.9343,2.1884,2.38,1.75,1000.0,1.98,3689.22,233151.36,27772.17,4,135,David Egan,R Varian,85,112,,2.1,6,Turf,6,Good (Good to Firm in Places),1546,4,4+,None
Newmarket 1st Jul,7f Mdn Stks,Calafrio,0,71.48001022,41.0215,28.0334,85.0,25.0,1000.0,60.0,321.04,8576.32,1158.59,2,128,Hollie Doyle,P A Kirby,,4,6,41.0,6,Turf,6,Good,1540,4,2,None
Lingfield 1st Jul,7f Hcap,Alyara,0,14.37518035,14.4106,11.4728,19.5,11.0,450.0,4.5,129.94,9963.04,2961.09,5,140,L P Keniry,J L Flint,63,885355,1.25,11.0,3,Turf,8,Good to Firm,1540,6,3+,None
Newmarket 1st Jul,7f Mdn Stks,Crocus Time,0,14.0,11.8447,12.6876,16.5,12.0,1000.0,3.9,605.36,19692.63,7111.67,2,128,P J Dobbs,R Hannon,,3,2,11.0,3,Turf,6,Good,1540,4,2,None
Newmarket 1st Jul,6f Listed,What A Question,0,6.97483069,6.1126,5.9829,7.4,4.9,1000.0,5.9,7052.79,47960.29,3692.57,2,128,James Doyle,C Johnston,,1,6,5.5,8,Turf,9,Good,1320,1,2,['Denruth Diamond']
Newmarket 1st Jul,1m4f Hcap,Fox Flame,0,39.81538126,32.1845,16.0832,55.0,16.13,1000.0,60.0,161.24,7772.85,1092.44,3,120,J F Egan,C Johnston,70,312963,1.75,29.0,4,Turf,6,Good,2640,4,3+,['Aiming High']
Newcastle 1st Jul,1m4f Hcap,The Dancing Poet,0,6.35689284,6.62,6.8396,7.94,5.32,1000.0,5.4,906.9,37803.38,8152.12,7,124,Oisin Murphy,B Ellison,64,543782,.75,5.5,10,Allweather,11,Standard / Slow,2738,5,4+,['Easter Island']
Doncaster 1st Jul,6f Mdn Stks,Doon The Glen,0,44.00947351,49.2764,31.7026,68.23,29.24,490.0,70.0,41.0,2623.26,1248.93,3,133,Mark Winn,J S Goldie,,,.75,34.0,11,Turf,12,Good (Good to Firm in Places),1322,5,3+,"['Sir Sidney Smith', 'Canaria Queen']"
Doncaster 1st Jul,6f Hcap,Fantasy Master,1,13.0,9.5566,7.3781,16.5,7.0,11.0,1.01,669.44,19270.51,26692.08,5,125,David Egan,Darryll Holland,75,133726,,11.0,1,Turf,10,Good (Good to Firm in Places),1322,4,4+,None
Newmarket 1st Jul,7f Grp 3,Jumby,0,6.16215201,6.2883,6.7581,7.6,5.5,1000.0,1.8,6202.29,57279.97,12376.94,5,136,W Buick,Eve Johnson Houghton,111,965501,2,5.5,2,Turf,6,Good,1540,1,3+,None
Newmarket 1st Jul,1m4f Hcap,Saisissante,0,9.6,10.3819,10.5494,14.5,9.0,1000.0,8.4,425.71,16188.66,5167.87,3,128,Rob Hornby,Noel Williams,78,561211,6.5,8.5,5,Turf,6,Good,2640,4,3+,['Aiming High']
Doncaster 1st Jul,7f Hcap,Roaring Ralph,0,18.5,18.7166,14.7758,26.0,15.5,970.0,9.0,204.46,11542.79,2148.23,3,134,D Nolan,M Dods,74,588416,2.25,15.0,3,Turf,9,Good (Good to Firm in Places),1546,5,3,None
Lingfield 1st Jul,7f Hcap,Major Gatsby,0,7.2,7.3576,8.1958,8.8,6.8,1000.0,5.2,333.12,21116.88,7475.97,4,142,William Carson,W G M Turner,65,056423,hd,6.0,4,Turf,8,Good to Firm,1540,6,3+,None
Newcastle 1st Jul,6f Hcap,Soldiers Minute,0,21.79112527,18.0693,15.562,26.0,9.8,18.5,9.0,6885.63,16295.85,2329.6,8,135,J Fanning,K Dalgleish,97,290544,nk,15.0,6,Allweather,9,Standard / Slow,1320,2,3+,None
Chester 1st Jul,6f Arab Grp 2,Abiyah Athbah A,0,6.59846624,6.1725,1.0,9.2,4.7,170.0,170.0,0.0,21104.44,2972.19,9,132,J Mitchell,P J Hammersley,,30322,1.75,5.0,4,Turf,6,Good (Good to Soft in places),1338,,3+,None
Lingfield 1st Jul,1m2f Hcap,Optik,0,6.16568951,5.2003,6.6766,8.4,5.6,250.0,4.8,477.96,30517.05,7441.53,3,119,Georgia Dobie,D M Simcock,47,004222,.5,5.5,2,Polytrack,11,Standard,2200,6,3+,None
Lingfield 1st Jul,5f Hcap,Song Of Success,0,2.60938142,2.7673,3.6958,3.1,2.52,1000.0,2.52,673.19,121976.85,13607.25,3,135,Kaiya Fraser,J R Fanshawe,73,210445,1,2.375,3,Turf,6,Good to Firm,1097,5,3+,['Regal Envoy']
Doncaster 1st Jul,7f Hcap,Brother Sebastian,0,24.43155011,24.7543,26.5148,30.0,20.0,1000.0,18.0,72.13,8225.96,1263.4,3,127,D Allan,T D Easterby,67,43567,.5,17.0,8,Turf,9,Good (Good to Firm in Places),1546,5,3,None
Newcastle 1st Jul,2m Hcap,Mountain Road,0,37.8856887,28.5761,52.0406,75.0,27.49,1000.0,40.0,3306.52,21712.16,4845.27,4,117,Cam Hardie,D M Simcock,86,221146,1.75,34.0,16,Allweather,19,Standard / Slow,3576,2,3+,['Second Slip']
Doncaster 1st Jul,7f Mdn Stks,She Wore No Jewels,0,5.9,5.0533,3.8425,6.8,3.9,1000.0,4.6,343.98,45947.86,6067.15,2,128,Jason Watson,C G Cox,,3,3.5,4.5,9,Turf,10,Good (Good to Firm in Places),1546,5,2,['Roubay']
Windsor 1st Jul,5f Hcap,Spring Bloom,0,10.6386464,10.961,10.8768,12.67,7.99,1000.0,9.2,760.82,33441.22,6978.31,6,137,David Probert,R Eddery,87,874210,1.75,9.0,6,Turf,7,Good to Firm (Good in places),1121,3,3+,"['Crimson Sand', 'Swift Asset']"
Newmarket 1st Jul,1m4f Listed,Outbox,0,59.06781997,49.1351,39.5625,75.0,29.0,1000.0,10.0,3865.73,11973.34,6312.39,8,128,Hollie Doyle,A Watson,99,323045,.5,41.0,2,Turf,5,Good,2640,1,4+,None
Newmarket 1st Jul,1m4f Hcap,Dal Mallart,0,8.8,9.3337,9.1064,11.16,8.2,1000.0,6.8,791.68,23544.96,5847.78,4,139,Hollie Doyle,A King,77,340530,4,7.0,3,Turf,6,Good,2640,4,3+,['Aiming High']
Newcastle 1st Jul,7f Hcap,Wobwobwob,0,5.77222376,6.0754,5.7472,6.6,5.6,1000.0,5.4,1765.98,33758.02,5148.86,5,125,Tom Marquand,A Keatley,86,316426,1.25,5.5,6,Allweather,8,Standard / Slow,1554,2,3+,"['Safe Voyage', 'Chola Empire']"
Doncaster 1st Jul,6f Hcap,Mattice,0,8.45868995,8.3827,7.3283,12.5,7.2,960.0,7.4,504.68,22441.17,1907.41,4,128,D Allan,T D Easterby,78,356694,.5,7.0,4,Turf,10,Good (Good to Firm in Places),1322,4,4+,None
Lingfield 1st Jul,1m4f Hcap,Philos,0,8.22587689,6.3967,5.2752,8.2,4.6,1000.0,7.6,986.73,30181.83,4186.68,3,127,Kaiya Fraser,E A L Dunlop,56,332211,2,6.5,6,Polytrack,8,Standard,2640,6,3,None
Chester 1st Jul,7f Hcap,Ararat,0,6.19668467,5.1915,5.902,6.0,4.6,940.0,3.7,1653.3,62512.63,6793.71,3,116,Hayley Turner,D M Simcock,78,202551,1,4.5,4,Turf,7,Good (Good to Soft in places),1541,2,3,"['Distinguished Lady', 'Seeking Gold']"
Chester 1st Jul,7f Hcap,Misty Blues,0,20.0,14.7655,18.6923,22.0,10.5,1000.0,10.5,494.81,20159.55,1892.55,3,125,Sean Kirrane,T D Easterby,87,132325,17,15.0,6,Turf,7,Good (Good to Soft in places),1541,2,3,"['Distinguished Lady', 'Seeking Gold']"
Lingfield 1st Jul,1m2f Hcap,Take My Breath,0,49.66325,24.1098,26.5035,91.69,27.51,990.0,50.0,97.8,8010.0,2348.17,3,118,Laura Coughlan,K Jewell,46,0067,4,41.0,8,Polytrack,9,Standard,2200,6,3+,"['Dark Gold', 'Maffeo Barberini']"
Newcastle 1st Jul,1m4f Hcap,Explorers Way,0,26.0,27.5596,27.0807,34.85,20.33,1000.0,27.0,387.86,8474.19,2003.04,4,120,S A Gray,B Ellison,60,644088,1.25,19.0,9,Allweather,11,Standard / Slow,2738,5,4+,['Easter Island']
Chester 1st Jul,6f Arab Grp 2,Zayin Angkor Centurion A,0,18.0,15.4917,1.0,20.0,11.5,600.0,600.0,0.0,4940.8,2017.59,10,136,P L Dennis,P J Hammersley,,04233,1.5,15.0,3,Turf,6,Good (Good to Soft in places),1338,,3+,None
Lingfield 1st Jul,5f Nov Stks,Miss Woo Woo,0,10.0,10.4201,9.129,15.5,10.0,1000.0,4.8,86.5,30606.9,2862.92,2,128,George Downing,R M H Cowell,72,758,3.75,9.0,3,Turf,5,Good to Firm,1097,5,2,['Mullingar Girl']
Newcastle 1st Jul,2m Hcap,World Without Love,0,49.50276617,39.5841,52.077,80.0,40.0,1000.0,28.0,1286.91,5561.54,967.11,4,130,J Fanning,C Johnston,73,523914,2.5,34.0,12,Allweather,14,Standard / Slow,3576,2,3+,None
Lingfield 1st Jul,1m2f Hcap,Platinum Prince,0,4.6,4.2889,8.3528,7.4,4.1,940.0,2.32,190.02,68554.92,13057.77,6,144,Paddy Bradley,G L Moore,62,133884,.5,4.0,3,Polytrack,11,Standard,2200,6,3+,None
Windsor 1st Jul,1m Hcap,Peace Of Mine,0,7.91806838,6.6392,6.9206,8.6,6.0,1000.0,6.4,808.17,29844.81,9804.95,3,130,K Stott,G Boughey,81,15218,1.5,6.0,4,Turf,5,Good to Firm (Good in places),1791,3,3+,None
Newmarket 1st Jul,6f Listed,Star Of Mystery,1,1.76399179,1.867,2.0881,2.54,1.72,1.71,1.01,45605.6,275939.6,42883.0,2,128,W Buick,C Appleby,,21,,1.8,1,Turf,9,Good,1320,1,2,['Denruth Diamond']
Doncaster 1st Jul,7f Mdn Stks,Wits End,0,13.93283886,13.8803,21.0537,28.0,12.0,1000.0,18.0,112.76,34805.49,3107.22,2,128,George Wood,Tom Dascombe,,0,2.25,13.0,8,Turf,10,Good (Good to Firm in Places),1546,5,2,['Roubay']
Newmarket 1st Jul,1m4f Listed,Kemari,1,10.18870745,9.0973,8.8671,12.5,6.6,12.5,1.01,11205.64,39146.49,60761.29,5,128,James Doyle,C Appleby,108,226425,,8.0,1,Turf,5,Good,2640,1,4+,None
Newcastle 1st Jul,7f Hcap,Adeb,1,8.4140033,8.5125,9.0316,10.5,7.2,9.0,1.01,1393.08,23933.84,57475.57,4,124,Billy Garritty,R A Fahey,85,132100,,7.5,1,Allweather,8,Standard / Slow,1554,2,3+,"['Safe Voyage', 'Chola Empire']"
Newcastle 1st Jul,5f Nov Stks,Mehigburn,0,87.93901365,51.5479,24.8339,115.44,25.97,1000.0,13.0,236.76,7238.37,2418.27,2,133,Jason Hart,R Fell  S Murray,,6,1.5,51.0,5,Allweather,7,Standard / Slow,1100,3,2,"['Sweet Soul Music', 'Cloud King']"
Windsor 1st Jul,6f Nov Stks,Commander Crouch,0,13.15384212,10.8803,14.8082,14.0,9.2,1000.0,7.0,186.24,15311.12,2055.18,2,133,S M Levey,R Hannon,,3,hd,9.0,7,Turf,9,Good to Firm (Good in places),1332,5,2,None
Chester 1st Jul,5f Mdn Stks,Riverview Law,0,10.798,8.199,7.5856,11.66,7.26,1000.0,6.0,871.1,28943.17,3275.19,2,128,S H James,Grant Tuer,,2,3,9.5,7,Turf,7,Good (Good to Soft in places),1115,4,2,"['Si Si Senor', 'Project Frank', 'Indication Spirit']"
Doncaster 1st Jul,7f Mdn Stks,Alshinfarah,1,3.80265142,4.203,7.5598,7.6,3.5,4.2,1.01,316.96,69763.06,48512.34,2,128,Dane ONeill,K P De Foy,,,,3.5,1,Turf,10,Good (Good to Firm in Places),1546,5,2,['Roubay']
Newmarket 1st Jul,1m Hcap,Royal Charter,1,3.15,3.2294,3.1075,3.5,2.94,6.8,1.01,3110.87,124204.61,42418.93,3,135,W Buick,W J Haggas,84,172,,3.0,1,Turf,5,Good,1760,4,3+,"['Rajindri', 'Canoodled']"
Doncaster 1st Jul,6f Mdn Stks,Kokomo,0,7.77057022,9.4817,9.8541,13.16,7.6,1000.0,3.15,58.68,19188.24,7194.17,3,128,Jason Watson,Brian ORourke,,25,1.25,7.5,2,Turf,12,Good (Good to Firm in Places),1322,5,3+,"['Sir Sidney Smith', 'Canaria Queen']"
Newcastle 1st Jul,2m Hcap,Appier,0,9.02370873,8.5839,9.2867,11.0,7.2,1000.0,4.5,4337.6,33052.21,9240.73,4,138,B A Curtis,S P C Woods,81,543131,.5,7.5,5,Allweather,14,Standard / Slow,3576,2,3+,None
Newcastle 1st Jul,5f Nov Stks,Star Of Lazise,0,92.88033338,57.026,34.8122,125.06,20.2,1000.0,55.0,112.77,4604.72,923.76,2,133,A Mullen,Gemma Tutty,,84,.5,67.0,7,Allweather,7,Standard / Slow,1100,3,2,"['Sweet Soul Music', 'Cloud King']"
Newcastle 1st Jul,1m2f Hcap,Thundering,0,6.13322493,5.3976,8.6284,8.8,5.0,1000.0,7.0,985.99,50900.59,6413.67,4,133,N Callan,K A Ryan,88,227850,1,5.5,4,Allweather,8,Standard / Slow,2242,3,4+,['Maghlaak']
Newmarket 1st Jul,6f Listed,Ziggys Phoenix,0,44.35347862,31.8959,28.477,65.0,17.3,1000.0,36.0,1116.27,7910.62,753.98,2,128,P J Dobbs,R Hannon,84,41144,.5,29.0,6,Turf,9,Good,1320,1,2,['Denruth Diamond']
Newcastle 1st Jul,6f Grp 3,Brad The Brief,0,6.94989486,5.535,4.7845,7.0,4.0,1000.0,4.9,21684.54,71135.15,7043.79,6,131,Oisin Murphy,H Palmer,114,002110,2,5.0,4,Allweather,8,Standard / Slow,1320,1,3+,None
Windsor 1st Jul,1m Nov Stks,Fakhra,0,16.62580997,13.0908,12.5805,18.5,14.0,1000.0,5.7,347.79,14938.84,4953.18,3,125,S M Levey,R Hannon,,22,2.25,13.0,4,Turf,9,Good to Firm (Good in places),1791,2,3+,['Jimmy Frankham']
Lingfield 1st Jul,5f Hcap,Jacks Point,0,18.27536217,16.6934,11.0734,29.0,9.55,1000.0,15.5,99.84,8429.74,1486.26,7,139,George Downing,R M H Cowell,72,570899,1.25,13.0,5,Turf,6,Good to Firm,1097,5,3+,['Regal Envoy']
Newmarket 1st Jul,6f Listed,Neverstopdreaming,0,60.0,45.2036,49.6124,85.0,25.96,1000.0,100.0,659.1,4900.09,517.4,2,128,P J McDonald,James Horton,75,41,3,34.0,9,Turf,9,Good,1320,1,2,['Denruth Diamond']
Newmarket 1st Jul,7f Grp 3,Aldaary,0,3.90496457,3.2657,3.2587,3.9,2.9,1000.0,3.7,12750.63,154655.91,18187.37,5,133,Jim Crowley,W J Haggas,116,557111,1.5,3.5,4,Turf,6,Good,1540,1,3+,None
Doncaster 1st Jul,6f Mdn Stks,Kaidu,0,3.26898645,3.3986,4.7468,4.39,3.02,490.0,3.85,582.83,118731.72,8041.94,3,133,Dane ONeill,C G Cox,,72,.5,3.125,4,Turf,12,Good (Good to Firm in Places),1322,5,3+,"['Sir Sidney Smith', 'Canaria Queen']"
Lingfield 1st Jul,1m2f Hcap,Royal Design,0,213.1913131,121.95,86.5832,320.0,17.0,1000.0,75.0,12.8,2091.42,533.55,3,129,Josephine Gordon,P S McEntee,57,05880,5,101.0,9,Polytrack,11,Standard,2200,6,3+,None
Windsor 1st Jul,1m Nov Stks,Magic Memories,0,193.54123675,78.2479,51.3411,200.0,44.0,1000.0,3.6,11.54,2889.12,5595.77,3,130,T P Queally,G L Moore,,49,1,81.0,3,Turf,9,Good to Firm (Good in places),1791,2,3+,['Jimmy Frankham']
Chester 1st Jul,6f Hcap,Aberama Gold,0,8.1854572,7.3678,8.7397,10.5,6.36,1000.0,9.8,995.17,36273.43,5348.41,6,136,Alistair Rawlinson,K Dalgleish,89,052811,.75,6.5,8,Turf,8,Good (Good to Soft in places),1337,3,3+,"['Bear Profit', 'Paws For Thought']"
Lingfield 1st Jul,5f Nov Stks,Graceful Thunder,0,2.04032026,1.8714,2.2035,2.14,1.91,110.0,1.1,2086.77,171311.22,25851.99,2,135,PierreLouis Jamin,G Boughey,81,10,.5,1.8333333333333333,2,Turf,5,Good to Firm,1097,5,2,['Mullingar Girl']
Windsor 1st Jul,1m3f Hcap,Highland Flyer,0,5.81539692,4.7659,4.734,6.4,3.9,1000.0,4.5,1846.2,23338.84,10849.12,3,133,Olivia Tubb,J G Portman,53,668565,2,5.0,3,Turf,6,Good to Firm (Good in places),2519,6,3,['Little Tiger']
Newcastle 1st Jul,2m Hcap,Citizen General,0,9.05643495,7.8881,10.5137,13.5,8.0,1000.0,12.0,4414.7,33773.89,4528.96,4,132,N Callan,E A L Dunlop,80,117212,.5,7.5,9,Allweather,14,Standard / Slow,3576,2,3+,None
Chester 1st Jul,2m Hcap,Mancini,0,24.0,19.9775,17.2763,34.0,14.5,1000.0,13.0,207.96,15042.38,4301.81,9,124,Barry McHugh,P Morris,69,833349,20,19.0,6,Turf,7,Good (Good to Soft in places),3496,4,4+,"['Myboymax', 'John The Baptist']"
Lingfield 1st Jul,1m2f Hcap,Teekana,0,68.7645,36.6705,23.9979,106.97,27.51,1000.0,32.0,145.32,4045.45,1148.51,4,130,Georgia Dobie,M Murphy  M Keady,48,887507,2.75,67.0,6,Polytrack,9,Standard,2200,6,3+,"['Dark Gold', 'Maffeo Barberini']"
Chester 1st Jul,1m4f Hcap,The Nu Form Way,0,9.12425937,9.2314,10.7276,10.5,8.0,1000.0,3.45,1091.51,21480.54,6065.27,5,140,S H James,Mrs Stella Barclay,78,051319,2.5,8.0,5,Turf,8,Good (Good to Soft in places),2703,4,3+,None
Newcastle 1st Jul,1m2f Hcap,Nobel,1,3.60096983,4.1057,7.1685,8.4,3.6,3.0,1.01,1258.82,111642.18,47863.02,4,133,Oisin Murphy,A M Balding,88,1180,,3.5,1,Allweather,8,Standard / Slow,2242,3,4+,['Maghlaak']
Chester 1st Jul,6f Hcap,Whenthedealinsdone,0,8.6195679,7.4766,7.9483,10.0,6.8,1000.0,12.0,836.09,31474.88,3789.08,5,140,Callum Hutchinson,R A Teal,93,043472,.75,7.0,7,Turf,8,Good (Good to Soft in places),1337,3,3+,"['Bear Profit', 'Paws For Thought']"
Newcastle 1st Jul,6f Hcap,Animate,0,9.0,8.7591,9.5986,14.0,7.0,1000.0,1.69,14604.84,33391.51,14650.62,3,119,Andrea Atzeni,S  E Crisford,87,314613,hd,7.0,2,Allweather,9,Standard / Slow,1320,2,3+,None
Windsor 1st Jul,1m3f Hcap,Wait To Excel,0,7.6,7.6509,8.3808,11.5,6.2,1000.0,6.4,830.76,20768.58,8335.9,4,132,K Stott,J Tate,91,924112,3,6.0,4,Turf,7,Good to Firm (Good in places),2519,2,4+,"['Postmark', 'Magical Morning']"
Chester 1st Jul,7f Nov Stks,O G Beachwear,0,2.24,2.0726,3.0002,3.49,2.04,1000.0,1.36,3201.88,218043.49,42604.21,3,125,F Norton,H Palmer,,44,.5,2.0,3,Turf,7,Good (Good to Soft in places),1667,4,3+,"['Parlando', 'Many A Year']"
Chester 1st Jul,7f Nov Stks,Maremma,0,6.3621103,5.8035,5.5273,7.2,4.7,1000.0,5.6,488.38,40349.53,5510.77,3,125,Hayley Turner,Harry Eustace,,85,.5,5.5,2,Turf,7,Good (Good to Soft in places),1667,4,3+,"['Parlando', 'Many A Year']"
Newmarket 1st Jul,6f Listed,Unbreak My Heart,0,16.36413281,13.0676,10.4472,18.5,7.11,1000.0,11.5,4601.64,17997.98,1973.17,2,128,J P Fahy,C G Cox,,31,4,13.0,3,Turf,9,Good,1320,1,2,['Denruth Diamond']
Chester 1st Jul,2m Hcap,Buxted Reel,0,10.0,12.287,16.9414,16.5,9.8,400.0,4.1,93.48,18457.7,6170.46,4,121,P Hanagan,Ian Williams,66,624608,4,9.0,3,Turf,7,Good (Good to Soft in places),3496,4,4+,"['Myboymax', 'John The Baptist']"
Newcastle 1st Jul,1m4f Hcap,Lexington Knight,1,5.1,4.8474,4.2087,5.7,4.16,10.5,1.01,3923.65,80052.61,60983.82,5,135,N Callan,R Hannon,75,253212,,4.333333333333333,1,Allweather,11,Standard / Slow,2738,5,4+,['Easter Island']
Doncaster 1st Jul,6f Mdn Stks,Okami,0,6.99663497,7.5539,10.1078,10.72,6.24,1000.0,6.4,284.06,23556.19,3260.11,3,133,David Egan,R Varian,,39,1.75,6.0,3,Turf,12,Good (Good to Firm in Places),1322,5,3+,"['Sir Sidney Smith', 'Canaria Queen']"
Newcastle 1st Jul,6f Hcap,Tiger Crusade,0,13.68259963,13.916,14.7739,17.0,10.5,1000.0,27.0,3987.04,11330.44,2442.46,6,135,Callum Shepherd,D M Simcock,97,401316,.75,11.0,5,Allweather,9,Standard / Slow,1320,2,3+,None
Chester 1st Jul,7f Hcap,Tenjin,0,48.03770445,37.0151,39.8656,46.0,30.0,1000.0,13.0,156.8,6030.33,2013.88,3,128,P Hanagan,J Ryan,90,308689,.75,29.0,3,Turf,7,Good (Good to Soft in places),1541,2,3,"['Distinguished Lady', 'Seeking Gold']"
Newcastle 1st Jul,6f Hcap,Coachello,0,10.22803594,14.4411,17.2834,20.0,9.6,1000.0,8.6,4766.9,14895.11,3812.03,5,142,O J Orr,G Elliott,104,761038,hd,10.0,4,Allweather,9,Standard / Slow,1320,2,3+,None
Newcastle 1st Jul,6f Grp 3,Spycatcher,0,5.40036169,5.7439,5.6124,6.8,5.0,940.0,3.0,12223.37,49042.42,14089.91,5,131,C Lee,K R Burke,106,327014,nk,5.5,2,Allweather,8,Standard / Slow,1320,1,3+,None
Doncaster 1st Jul,6f Hcap,Pearle Dor,0,22.94625152,16.1555,20.047,34.0,18.0,1000.0,20.0,131.06,10799.24,2830.29,4,133,Jason Watson,D OMeara,83,300026,1.5,21.0,9,Turf,10,Good (Good to Firm in Places),1322,4,4+,None
Doncaster 1st Jul,7f Hcap,Prairie Falcon,0,4.2,4.7403,6.3235,5.8,4.2,310.0,1.25,1304.67,67871.44,11453.85,3,137,Connor Beasley,M Dods,77,519440,.5,4.2,2,Turf,9,Good (Good to Firm in Places),1546,5,3,None
Newcastle 1st Jul,6f Grp 3,Judicial,0,50.92596369,36.5926,30.5205,65.0,15.0,1000.0,46.0,2008.31,7858.71,1089.99,11,131,Callum Rodriguez,Miss J A Camacho,103,892812,13,29.0,8,Allweather,8,Standard / Slow,1320,1,3+,None
Newcastle 1st Jul,2m Hcap,La Hacienda,1,17.0,11.659,12.9202,20.0,9.0,14.0,1.01,6472.38,36133.95,34273.85,6,137,Harry Davies,M J Smith,85,110083,,12.0,1,Allweather,14,Standard / Slow,3576,2,3+,None
Chester 1st Jul,7f Nov Stks,Woodys Angel,0,97.33454044,112.1876,130.5199,580.0,75.0,1000.0,130.0,8.0,8336.51,274.84,3,130,Laura Pearson,L Williamson,,0,,67.0,7,Turf,7,Good (Good to Soft in places),1667,4,3+,"['Parlando', 'Many A Year']"
Windsor 1st Jul,5f Hcap,Vespasian,0,7.48984376,8.3216,7.5063,9.55,7.6,1000.0,6.0,873.89,31988.4,5339.73,4,131,S M Levey,S  E Crisford,81,622524,.75,7.0,7,Turf,7,Good to Firm (Good in places),1121,3,3+,"['Crimson Sand', 'Swift Asset']"
Newcastle 1st Jul,2m Hcap,Ironopolis,0,130.1924726,118.6229,149.5542,210.0,110.0,1000.0,130.0,257.94,2457.22,399.15,3,114,Aiden Brookes,R Menzies,70,463417,.5,81.0,11,Allweather,14,Standard / Slow,3576,2,3+,None
Chester 1st Jul,6f Arab Grp 2,Ekleel Athbah A,1,5.20440684,4.1486,1.0,5.9,3.35,30.0,1.01,0.0,26484.48,15482.82,5,135,S Hitchcott,P Collington,,11226,,3.75,1,Turf,6,Good (Good to Soft in places),1338,,3+,None
Newcastle 1st Jul,2m Hcap,Ace Rothstein,0,57.54425065,66.9703,66.5273,110.0,44.0,1000.0,21.0,597.4,4330.45,1124.59,5,135,Callum Shepherd,Dylan Cunha,83,479687,3.75,51.0,10,Allweather,14,Standard / Slow,3576,2,3+,None
Chester 1st Jul,1m4f Hcap,Zealandia,0,5.0,6.2396,7.8078,9.0,4.7,1000.0,4.5,1006.97,37278.04,8132.38,6,144,C J Todd,Ian Williams,82,301084,.5,4.5,2,Turf,8,Good (Good to Soft in places),2703,4,3+,None
Newmarket 1st Jul,1m4f Hcap,Spring Fever,1,1.61,1.644,1.8384,1.85,1.55,1.62,1.01,3638.06,246608.54,74955.78,3,135,R Havlin,J  T Gosden,85,48312,,1.5333333333333334,1,Turf,6,Good,2640,4,3+,['Aiming High']
Newcastle 1st Jul,2m Hcap,Law Of The Sea,0,20.15013376,14.6707,14.5984,23.0,12.5,990.0,12.5,10194.84,38524.01,3943.6,5,123,R Kingscote,Ian Williams,92,300424,11,13.0,18,Allweather,19,Standard / Slow,3576,2,3+,['Second Slip']
Newcastle 1st Jul,1m4f Hcap,Golden Vintage,0,22.40644876,22.564,13.2286,29.0,10.16,1000.0,7.0,271.32,6888.0,3656.06,4,121,Callum Shepherd,Jedd OKeeffe,61,818295,hd,17.0,5,Allweather,11,Standard / Slow,2738,5,4+,['Easter Island']
Newcastle 1st Jul,2m Hcap,Winterwatch,0,57.25965074,48.1077,45.9667,85.0,21.0,1000.0,20.0,772.96,4387.86,1308.31,5,137,G Lee,H Fry,85,153100,2.5,41.0,6,Allweather,14,Standard / Slow,3576,2,3+,None
Chester 1st Jul,1m4f Hcap,Restorer,0,8.66834511,8.9355,10.0302,11.5,7.6,600.0,2.26,1258.98,20419.27,8052.06,11,133,Ben Sanderson,Ian Williams,71,230732,.5,7.0,4,Turf,8,Good (Good to Soft in places),2703,4,3+,None
Lingfield 1st Jul,1m2f Hcap,Grand Central,0,30.40470786,18.519,16.7198,30.56,17.57,1000.0,11.5,129.33,6623.43,1984.48,3,128,Josephine Gordon,P S McEntee,56,068257,1,23.0,7,Polytrack,9,Standard,2200,6,3+,"['Dark Gold', 'Maffeo Barberini']"
Doncaster 1st Jul,7f Hcap,Outrun The Storm,0,24.94424295,17.6927,23.3865,30.0,19.5,1000.0,5.2,224.96,8723.41,4784.09,5,122,Andrew Breslin,R A Fahey,72,228408,1,19.0,3,Turf,6,Good (Good to Firm in Places),1546,4,4+,None
Doncaster 1st Jul,6f Mdn Stks,Queens Resolve,0,15.59504,14.6469,12.1166,19.73,10.72,800.0,12.0,431.44,9512.53,1829.48,3,128,George Wood,Harry Eustace,,6,1.5,13.0,6,Turf,12,Good (Good to Firm in Places),1322,5,3+,"['Sir Sidney Smith', 'Canaria Queen']"
Lingfield 1st Jul,1m2f Hcap,Star Of Epsom,0,3.1094155,2.8176,3.4282,3.51,2.64,1000.0,3.6,1087.36,100032.24,9679.23,5,135,Paddy Bradley,P Phelan,53,161001,1.25,3.5,5,Polytrack,9,Standard,2200,6,3+,"['Dark Gold', 'Maffeo Barberini']"
Newcastle 1st Jul,2m Hcap,Faylaq,0,14.33253354,14.2594,19.4388,24.0,14.0,1000.0,8.0,3159.48,22856.31,5483.47,7,138,Callum Rodriguez,J S Goldie,86,532023,.5,13.0,3,Allweather,14,Standard / Slow,3576,2,3+,None
Windsor 1st Jul,1m3f Hcap,Educator,0,3.7,3.4868,3.1819,4.0,3.0,940.0,3.2,2896.1,94777.09,20277.1,4,134,A J Farragher,W J Haggas,93,120832,4.5,3.25,3,Turf,7,Good to Firm (Good in places),2519,2,4+,"['Postmark', 'Magical Morning']"
Newcastle 1st Jul,2m Hcap,Legendary Day,0,24.0,17.2073,18.6146,27.0,13.5,580.0,32.0,2679.89,12130.75,1839.71,5,137,Tom Marquand,A Keatley,85,171756,1.25,15.0,4,Allweather,14,Standard / Slow,3576,2,3+,None
Newcastle 1st Jul,5f Nov Stks,Tan Rapido,0,26.75051024,17.9696,15.0436,27.9,13.47,1000.0,17.0,349.65,11508.14,2442.11,2,133,Callum Shepherd,C Fellowes,,,1.75,17.0,2,Allweather,7,Standard / Slow,1100,3,2,"['Sweet Soul Music', 'Cloud King']"
Newcastle 1st Jul,1m4f Hcap,Glasses Up,0,14.42396284,14.3454,16.1944,19.36,12.5,1000.0,12.5,461.01,12795.83,1919.46,8,127,P Mathers,R M Smith,67,774525,2.25,11.0,4,Allweather,11,Standard / Slow,2738,5,4+,['Easter Island']
Lingfield 1st Jul,5f Nov Stks,Dapperling,1,3.05,2.99,3.8502,4.5,2.9,5.8,1.01,1074.54,79831.7,30765.42,2,128,Alec Voikhansky,R Hannon,73,5222,,2.875,1,Turf,5,Good to Firm,1097,5,2,['Mullingar Girl']
Lingfield 1st Jul,6f Hcap,Savannah Smiles,0,21.69728753,16.244,13.4396,21.0,13.0,1000.0,3.4,96.42,8129.36,1877.7,3,133,Christian Howarth,G Harris,59,560515,nk,15.0,7,Turf,8,Good to Firm,1320,6,3+,['Bala Hatun']
Chester 1st Jul,6f Arab Grp 2,Mulan A,0,32.0,33.9489,1.0,250.0,21.0,1000.0,50.0,0.0,3268.47,199.19,11,132,Miss K Robinson,Gavin Kelly,,06000,55,21.0,6,Turf,6,Good (Good to Soft in places),1338,,3+,None
Lingfield 1st Jul,1m4f Hcap,Bush Rose,0,12.01498115,8.2166,9.2598,20.0,8.2,1000.0,11.0,715.42,39092.31,9156.47,3,135,Kyle Strydom,R Varian,64,447,5,12.0,3,Polytrack,8,Standard,2640,6,3,None
Chester 1st Jul,6f Arab Grp 2,Lujain A,0,20.94826486,19.9393,1.0,26.0,15.0,600.0,44.0,0.0,4281.21,571.39,4,132,D C Costello,P Collington,,3314,4.5,21.0,5,Turf,6,Good (Good to Soft in places),1338,,3+,None
Newcastle 1st Jul,6f Hcap,Magical Spirit,0,18.5,16.7732,14.4499,21.0,11.0,1000.0,12.5,3863.48,10376.94,2087.1,7,135,T Eaves,K A Ryan,97,040413,2,15.0,7,Allweather,9,Standard / Slow,1320,2,3+,None
Newcastle 1st Jul,2m Hcap,Thermoscope,0,19.06047035,12.2587,10.9965,19.0,8.6,1000.0,14.0,3537.34,15899.71,2784.52,5,135,Billy Garritty,K Dalgleish,83,790113,11,11.0,13,Allweather,14,Standard / Slow,3576,2,3+,None
Newcastle 1st Jul,1m4f Hcap,Billy Bathgate,0,13.56016784,11.9678,10.973,16.5,9.6,1000.0,8.0,358.87,13368.45,4185.25,7,120,A Mullen,Ewan Whillans,60,264441,.75,9.0,8,Allweather,11,Standard / Slow,2738,5,4+,['Easter Island']
Chester 1st Jul,2m Hcap,Tigerten,0,7.81341379,7.9548,8.6861,9.8,6.4,500.0,8.6,845.08,31854.58,3967.6,6,123,Laura Pearson,K Frost,68,764120,nk,7.0,4,Turf,7,Good (Good to Soft in places),3496,4,4+,"['Myboymax', 'John The Baptist']"
Newmarket 1st Jul,6f Listed,Rare Jewel,0,16.96992004,14.9534,15.4676,25.96,11.06,1000.0,17.0,2386.82,17963.2,1868.4,2,128,D Tudhope,W J Haggas,,,4.5,15.0,7,Turf,9,Good,1320,1,2,['Denruth Diamond']
Doncaster 1st Jul,7f Hcap,Desert Voice,1,3.19350765,2.985,2.751,3.65,2.52,8.0,1.01,2910.69,141340.63,58125.35,3,137,Dane ONeill,W J Haggas,77,61,,2.875,1,Turf,9,Good (Good to Firm in Places),1546,5,3,None
Lingfield 1st Jul,1m2f Hcap,Delvey,0,73.919425,54.3536,37.4152,80.0,34.0,1000.0,70.0,67.61,2583.14,317.61,4,141,Laura Coughlan,K Jewell,59,57370,3.25,41.0,6,Polytrack,11,Standard,2200,6,3+,None
Newmarket 1st Jul,1m2f Hcap,Zaras Return,0,4.41737406,4.3796,5.8141,5.5,4.3,1000.0,1.82,781.59,83482.27,18525.19,3,134,W Buick,W Stone,76,758141,.75,4.333333333333333,2,Turf,9,Good,2200,5,3+,None
Newmarket 1st Jul,1m2f Hcap,Blueflagflyinghigh,0,4.4,4.343,4.8495,5.0,4.2,1000.0,1.7,987.32,95217.91,12809.14,3,135,James Doyle,M L W Bell,77,873251,3,4.0,4,Turf,9,Good,2200,5,3+,None
Lingfield 1st Jul,1m2f Hcap,Shalfa,0,27.91698434,18.0581,19.964,57.3,8.4,150.0,2.96,149.56,7854.62,3937.73,4,143,William Carson,Mrs L Richards,61,521367,hd,26.0,4,Polytrack,9,Standard,2200,6,3+,"['Dark Gold', 'Maffeo Barberini']"
Chester 1st Jul,5f Mdn Stks,Malibu Sunrise,0,15.10432695,12.085,11.441,18.14,9.5,1000.0,8.0,1141.57,20390.7,3536.96,2,128,Sean Kirrane,T D Easterby,,59,hd,15.0,6,Turf,7,Good (Good to Soft in places),1115,4,2,"['Si Si Senor', 'Project Frank', 'Indication Spirit']"
Lingfield 1st Jul,5f Nov Stks,Queues Likely,0,21.14859088,14.0889,7.0942,25.0,7.0,1000.0,21.0,361.14,20172.79,2305.9,2,132,L P Keniry,J S Moore,73,571,3.25,15.0,4,Turf,5,Good to Firm,1097,5,2,['Mullingar Girl']
Newcastle 1st Jul,5f Nov Stks,Stanley Spencer,0,8.52320993,7.0119,6.6134,9.24,6.73,1000.0,5.5,521.39,36426.17,8817.9,2,133,N Callan,J Tate,,,.5,7.0,4,Allweather,7,Standard / Slow,1100,3,2,"['Sweet Soul Music', 'Cloud King']"
Chester 1st Jul,2m Hcap,Fandabidozi,0,22.0,26.5357,37.2082,42.0,20.0,1000.0,17.0,26.76,8447.16,2642.61,5,116,Kieran Schofield,G Hanmer,50,305977,7,17.0,7,Turf,7,Good (Good to Soft in places),3496,4,4+,"['Myboymax', 'John The Baptist']"
Doncaster 1st Jul,1m2f Hcap,Oot Ma Way,0,42.0,50.8372,36.1221,80.0,40.0,1000.0,12.0,37.84,3010.74,956.35,5,116,Amie Waugh,J S Goldie,45,746784,hd,34.0,6,Turf,7,Good (Good to Firm in Places),2243,5,4+,['Honky Tonk Town']
Chester 1st Jul,7f Nov Stks,Princess Niyla,1,5.4,5.2349,5.3278,8.0,5.2,14.5,1.01,100.34,47803.12,25387.63,3,125,P Hanagan,H Palmer,,36,,5.0,1,Turf,7,Good (Good to Soft in places),1667,4,3+,"['Parlando', 'Many A Year']"
Newcastle 1st Jul,6f Hcap,Raatea,0,5.1379212,4.4946,3.9282,5.8,3.65,1000.0,5.0,30995.59,73453.96,6302.88,6,131,Jason Hart,Miss J A Camacho,93,046451,1.75,4.5,8,Allweather,9,Standard / Slow,1320,2,3+,None
Windsor 1st Jul,1m3f Hcap,Cardano,0,30.2898938,27.6158,20.9286,36.0,18.0,1000.0,22.0,374.62,5729.7,1694.7,7,125,Theodore Ladd,B Brookhouse,84,202757,3.5,21.0,2,Turf,7,Good to Firm (Good in places),2519,2,4+,"['Postmark', 'Magical Morning']"
Lingfield 1st Jul,6f Hcap,San Francisco Bay,1,2.89267854,3.0282,3.5115,3.4,2.82,2.92,1.01,1332.97,85227.78,24179.98,4,138,Laura Coughlan,H Candy,58,972612,,2.75,1,Turf,8,Good to Firm,1320,6,3+,['Bala Hatun']
Windsor 1st Jul,1m Nov Stks,Troon,0,36.26761046,21.5885,21.9026,38.0,19.0,1000.0,27.0,217.53,7048.51,1011.03,3,136,Charles Bishop,Eve Johnson Houghton,87,10,4.5,21.0,6,Turf,9,Good to Firm (Good in places),1791,2,3+,['Jimmy Frankham']
Windsor 1st Jul,1m Hcap,Farasi Lane,0,2.44553509,2.2734,3.6277,3.75,2.18,940.0,2.2,1783.39,108374.01,31178.7,5,140,S M Levey,T Ward,82,316645,hd,2.25,3,Turf,5,Good to Firm (Good in places),1791,3,3+,None
Chester 1st Jul,2m Hcap,El Borracho,0,7.8,7.3388,7.4942,8.8,6.6,950.0,7.4,568.02,32701.5,4331.86,8,128,Alistair Rawlinson,O Greenall  J Guerriero,73,478631,3.75,6.5,5,Turf,7,Good (Good to Soft in places),3496,4,4+,"['Myboymax', 'John The Baptist']"
Newmarket 1st Jul,1m2f Hcap,Serengeti Sunset,0,13.5,10.2495,7.4165,14.0,8.4,1000.0,6.4,719.72,24473.06,3998.05,3,130,Cieren Fallon,J  T Gosden,72,865832,3.75,10.0,8,Turf,9,Good,2200,5,3+,None
Lingfield 1st Jul,1m4f Hcap,Robusto,1,3.22954679,3.2795,4.3356,4.3,3.1,5.0,1.01,1302.75,102636.37,73667.56,3,134,S W Kelly,Sir Mark Prescott,63,00613,,3.0,1,Polytrack,8,Standard,2640,6,3,None
Lingfield 1st Jul,1m2f Hcap,Pink Lily,1,5.96797473,5.3929,4.9892,6.57,4.89,8.8,1.01,666.14,50079.27,18862.78,3,130,Alec Voikhansky,R Hannon,58,333124,,6.5,1,Polytrack,9,Standard,2200,6,3+,"['Dark Gold', 'Maffeo Barberini']"
Newcastle 1st Jul,2m Hcap,Zoffee,0,16.77443956,10.1711,10.4988,17.5,8.8,1000.0,11.0,23828.68,72200.72,7399.09,7,126,B A Curtis,H Palmer,95,373426,1,10.0,15,Allweather,19,Standard / Slow,3576,2,3+,['Second Slip']
Chester 1st Jul,6f Hcap,Absolutelyflawless,0,12.0,10.073,10.2836,14.0,10.34,1000.0,8.6,1071.72,19629.81,3280.92,3,119,Laura Pearson,D Loughnane,78,671266,1.25,10.0,6,Turf,8,Good (Good to Soft in places),1337,3,3+,"['Bear Profit', 'Paws For Thought']"
Doncaster 1st Jul,7f Mdn Stks,Lady Of Time,0,62.71255927,40.155,22.6734,65.0,21.0,990.0,34.0,32.0,3365.18,465.25,2,126,D Allan,T D Easterby,,,1.25,29.0,6,Turf,10,Good (Good to Firm in Places),1546,5,2,['Roubay']
Lingfield 1st Jul,1m2f Hcap,Gasman,0,7.2,6.1969,9.9053,8.4,6.0,1000.0,6.2,348.92,30320.22,3835.77,3,126,William Carson,C Hills,54,082857,1.75,6.5,10,Polytrack,11,Standard,2200,6,3+,None
Windsor 1st Jul,6f Nov Stks,The Smiling Wolf,0,33.34257205,25.5325,19.0844,34.0,20.0,1000.0,48.0,109.8,4703.94,1558.63,2,133,Rose Dawes,Jack Channon,,,.5,21.0,6,Turf,9,Good to Firm (Good in places),1332,5,2,None
Curragh 1st Jul,1m2f Grp 3,Alfred Munnings,0,6.34924764,5.9456,5.5047,7.4,5.0,990.0,6.0,1501.93,51260.55,6632.38,3,125,R L Moore,A P OBrien,,16,6,5.0,3,Turf,5,Good (Good to Yielding in places),2200,1,3+,None
Curragh 1st Jul,6f Hcap,Iva Batt,0,12.5,9.9707,15.559,16.0,9.8,1000.0,110.0,248.76,10816.93,733.3,5,121,R P Whelan,A McGuinness,74,842025,hd,9.0,12,Turf,13,Good (Good to Yielding in places),1320,,3+,"['Parting Glass', 'Midnight Fire']"
Curragh 1st Jul,6f Grp 2,Matrika,1,1.43999999,1.4341,1.5666,1.68,1.38,3.0,1.01,12564.16,286969.06,64759.56,2,128,R L Moore,A P OBrien,,12,,1.4,1,Turf,7,Good (Good to Yielding in places),1320,1,2,None
Curragh 1st Jul,6f Grp 2,Miss Roberts,0,50.0,31.4177,27.6816,50.0,22.0,1000.0,46.0,228.68,3584.28,629.02,2,128,B M Coen,E Walker,,24,3.25,29.0,6,Turf,7,Good (Good to Yielding in places),1320,1,2,None
Curragh 1st Jul,2m Hcap,Coventry,0,43.99878765,50.3157,51.9774,120.0,34.0,1000.0,32.0,88.68,3047.91,442.3,6,119,L F Roche,G Elliott,70,082090,.5,29.0,13,Turf,16,Good (Good to Yielding in places),3520,,4+,['Firstman']
Curragh 1st Jul,1m2f Grp 1,Trevaunance,0,41.25661249,38.4843,68.3714,150.0,29.0,1000.0,19.5,255.94,7249.4,1723.57,4,136,S Foley,Mrs J Harrington,107,511866,sh,26.0,5,Turf,9,Good (Good to Yielding in places),2200,1,3+,None
Curragh 1st Jul,6f Hcap,Apache Outlaw,0,12.66692259,10.9724,6.9571,17.0,6.42,1000.0,10.5,1199.51,18412.08,1854.99,3,137,C StoneWalsh,J P OBrien,96,135594,1.5,9.5,8,Turf,13,Good (Good to Yielding in places),1320,,3+,"['Parting Glass', 'Midnight Fire']"
Curragh 1st Jul,1m Mdn,Altitudeadjustment,0,120.0,77.1792,54.5683,120.0,55.0,990.0,50.0,23.28,2389.72,318.6,3,134,L T McAteer,J Davison,,,sh,51.0,13,Turf,14,Good (Good to Yielding in places),1760,,3+,['Lets Avit']
Curragh 1st Jul,1m2f Hcap,Roman Bull,0,10.5,7.9491,15.9907,17.0,9.0,50.0,10.5,389.22,19780.49,3475.31,5,127,J Gonet,Michael W OMeara,72,345225,.5,8.5,13,Turf,15,Good (Good to Yielding in places),2200,,4+,None
Curragh 1st Jul,6f Hcap,Dandyville,0,9.8,8.9376,15.6363,17.0,8.6,750.0,2.66,286.02,14115.53,13292.7,5,133,W M Lordan,N Lupini,86,321110,nse,8.0,2,Turf,13,Good (Good to Yielding in places),1320,,3+,"['Parting Glass', 'Midnight Fire']"
Curragh 1st Jul,7f Mdn,King Of Gosford,0,42.0,39.6506,60.0105,95.0,40.0,1000.0,75.0,56.86,2116.54,438.53,2,131,G F Carroll,A Oliver,,,1,34.0,10,Turf,13,Good (Good to Yielding in places),1540,,2,None
Curragh 1st Jul,7f Mdn,Huxley,0,13.0,8.4827,7.6941,14.0,6.0,1000.0,7.0,1472.92,24136.68,3381.81,2,131,G M Ryan,Donnacha OBrien,,7,3,7.5,4,Turf,13,Good (Good to Yielding in places),1540,,2,None
Curragh 1st Jul,1m2f Grp 1,Stay Alert,0,36.04711001,24.8311,27.017,42.0,21.0,1000.0,6.6,962.83,12984.01,7743.39,4,136,R P Whelan,H Morrison,108,215105,2,26.0,2,Turf,9,Good (Good to Yielding in places),2200,1,3+,None
Curragh 1st Jul,2m Hcap,Ted Hastings,0,39.22345894,34.0206,23.4386,48.0,19.43,690.0,20.0,280.18,4135.13,1921.21,7,135,W J Lee,G Elliott,86,170,2.75,26.0,11,Turf,16,Good (Good to Yielding in places),3520,,4+,['Firstman']
Curragh 1st Jul,2m Hcap,Newfoundland,0,7.05367298,5.9316,5.2264,7.2,4.5,1000.0,3.2,2817.95,63352.86,8313.67,4,137,R L Moore,J P OBrien,88,221976,nk,5.5,7,Turf,16,Good (Good to Yielding in places),3520,,4+,['Firstman']
Curragh 1st Jul,2m Hcap,Sheishybrid,0,10.5,9.8106,8.9233,13.6,7.77,1000.0,10.5,1184.72,20874.69,3574.11,5,133,Adam Caffrey,N Meade,84,321504,3.5,8.0,5,Turf,16,Good (Good to Yielding in places),3520,,4+,['Firstman']
Curragh 1st Jul,1m2f Hcap,Yokkell,0,9.88784623,9.1949,12.8728,14.5,9.4,19.0,14.5,475.16,18554.65,1904.65,4,126,Neve Bennett,J P Fahey,71,123232,.5,8.5,6,Turf,15,Good (Good to Yielding in places),2200,,4+,None
Curragh 1st Jul,6f Grp 2,Launch,0,80.0,47.6891,30.4447,85.0,27.0,1000.0,34.0,134.8,3049.48,811.5,2,128,C D Hayes,A Murray,,230,hd,34.0,7,Turf,7,Good (Good to Yielding in places),1320,1,2,None
Curragh 1st Jul,6f Hcap,Ice Cold In Alex,0,15.8654495,11.3159,10.0019,22.0,8.87,1000.0,7.2,1008.36,14929.09,3244.62,9,131,J A Powell,K J Condon,84,551024,hd,13.0,9,Turf,13,Good (Good to Yielding in places),1320,,3+,"['Parting Glass', 'Midnight Fire']"
Curragh 1st Jul,6f Hcap,Navalny,0,158.82722709,103.9072,55.3998,210.0,48.0,1000.0,130.0,61.6,2152.94,280.68,3,119,K J Leonard,H De Bromhead,76,454655,1,81.0,13,Turf,13,Good (Good to Yielding in places),1320,,3+,"['Parting Glass', 'Midnight Fire']"
Curragh 1st Jul,1m Mdn,Expelliarmus,0,3.51882726,2.9913,2.8933,3.55,2.42,1000.0,4.0,2547.96,97462.24,6714.02,3,129,D P McDonogh,J P OBrien,,93,nse,3.0,9,Turf,14,Good (Good to Yielding in places),1760,,3+,['Lets Avit']
Curragh 1st Jul,1m2f Hcap,Believe In Science,0,14.35170643,11.9315,13.4463,16.0,11.5,550.0,17.0,277.05,9602.77,1536.13,4,127,Kyanna Van Buuren,J S Bolger,72,045303,1.75,11.0,12,Turf,15,Good (Good to Yielding in places),2200,,4+,None
Curragh 1st Jul,2m Hcap,Line Out,0,112.56203477,68.949,55.8046,160.0,17.0,940.0,40.0,67.89,4884.39,525.51,11,134,B M Coen,John E  Kiely,85,6181,2,41.0,12,Turf,16,Good (Good to Yielding in places),3520,,4+,['Firstman']
Curragh 1st Jul,1m2f Hcap,In From The Cold,0,115.36132019,65.1718,29.051,140.0,29.0,1000.0,100.0,71.61,2378.58,299.55,6,141,S Brickley,G Elliott,86,647731,sh,51.0,14,Turf,15,Good (Good to Yielding in places),2200,,4+,None
Curragh 1st Jul,1m2f Hcap,Jungle Cove,0,15.62641137,14.0456,18.4806,28.0,14.5,1000.0,8.2,237.58,10756.79,2859.81,6,149,Jessica OGorman,Mrs J Harrington,94,100024,hd,13.0,3,Turf,15,Good (Good to Yielding in places),2200,,4+,None
Curragh 1st Jul,7f Mdn,City Of Troy,1,2.52016989,2.44,3.3674,3.8,2.28,2.72,1.01,3815.17,128698.65,69716.55,2,131,R L Moore,A P OBrien,,,,2.5,1,Turf,13,Good (Good to Yielding in places),1540,,2,None
Curragh 1st Jul,7f Mdn,Instant Appeal,0,10.81071196,11.0807,8.3334,18.0,6.4,1000.0,5.0,669.08,11174.62,2893.39,2,131,S T McCullagh,Mrs J Harrington,,2,1.25,9.5,3,Turf,13,Good (Good to Yielding in places),1540,,2,None
Curragh 1st Jul,7f Mdn,Slurricane,0,34.0,20.2822,19.2846,38.0,16.5,1000.0,20.0,348.48,6811.58,1396.39,2,131,C D Hayes,R OSullivan,,5,1.75,21.0,5,Turf,13,Good (Good to Yielding in places),1540,,2,None
Curragh 1st Jul,1m2f Grp 1,Above The Curve,0,5.0,3.987,4.1092,6.0,3.5,1000.0,2.36,8984.31,137021.79,14283.74,4,136,R L Moore,J P OBrien,113,113771,1.25,4.2,3,Turf,9,Good (Good to Yielding in places),2200,1,3+,None
Curragh 1st Jul,1m2f Grp 1,Comhra,0,23.45790388,16.5284,16.4005,29.0,13.0,1000.0,19.5,1667.29,35301.74,4112.49,3,126,R P Cleary,J S Bolger,110,274653,8.5,19.0,9,Turf,9,Good (Good to Yielding in places),2200,1,3+,None
Curragh 1st Jul,1m2f Hcap,Goodie Two Shoes,0,7.15013091,5.8579,5.7482,7.4,5.1,1000.0,3.9,959.29,51895.35,12638.37,4,150,Rachael Blackmore,J P OBrien,95,117,sh,5.5,8,Turf,15,Good (Good to Yielding in places),2200,,4+,None
Curragh 1st Jul,6f Grp 2,Do It With Style,0,21.98930117,16.0006,16.3874,26.0,13.0,1000.0,1.4,657.64,9183.33,11180.28,2,128,G M Ryan,Donnacha OBrien,,10,1.5,15.0,4,Turf,7,Good (Good to Yielding in places),1320,1,2,None
Curragh 1st Jul,7f Mdn,Galen,0,19.5,14.4928,18.5264,21.0,15.0,1000.0,2.96,451.52,7513.45,5396.81,2,131,D McMonagle,J P OBrien,,,2.5,13.0,2,Turf,13,Good (Good to Yielding in places),1540,,2,None
Curragh 1st Jul,2m Hcap,Dartan,1,17.23004238,16.828,21.4542,24.28,14.0,23.0,1.01,208.31,8750.74,22463.67,6,128,D P McDonogh,M J Smith,79,347117,,13.0,1,Turf,16,Good (Good to Yielding in places),3520,,4+,['Firstman']
Curragh 1st Jul,2m Hcap,Extensio,0,11.0,11.5376,11.8113,14.57,10.0,1000.0,2.2,715.72,17830.77,6014.0,6,119,Siobhan Rutledge,P F ODonnell,69,124202,.5,9.0,2,Turf,16,Good (Good to Yielding in places),3520,,4+,['Firstman']
Curragh 1st Jul,2m Hcap,Kendancer,0,65.91471811,81.0109,82.4624,280.0,48.0,1000.0,60.0,23.76,2373.82,331.25,7,126,J Kearney,C Byrnes,77,145675,nse,34.0,9,Turf,16,Good (Good to Yielding in places),3520,,4+,['Firstman']
Curragh 1st Jul,1m Mdn,Reclaim,0,10.5,9.1992,11.0191,15.52,7.4,960.0,11.0,562.14,19965.5,1787.65,3,134,B M Coen,J Feane,,,2.5,7.0,6,Turf,14,Good (Good to Yielding in places),1760,,3+,['Lets Avit']
Curragh 1st Jul,1m2f Grp 1,Rosscarbery,0,5.4,5.5564,6.9929,7.8,5.1,1000.0,4.1,3313.21,73989.66,9105.43,5,136,W J Lee,P Twomey,110,12451,1.75,5.0,4,Turf,9,Good (Good to Yielding in places),2200,1,3+,None
Curragh 1st Jul,6f Hcap,Greek Flower,0,6.92331101,6.2609,11.6207,14.36,6.6,1000.0,7.2,650.36,23327.61,3739.58,4,119,L F Roche,J Feane,71,236302,.5,6.0,6,Turf,13,Good (Good to Yielding in places),1320,,3+,"['Parting Glass', 'Midnight Fire']"
Curragh 1st Jul,1m Mdn,Space Age,0,3.6,4.399,4.9511,6.4,3.65,1000.0,3.25,573.09,45371.49,6352.16,3,134,D McMonagle,J J Murphy,80,362,1.5,3.5,7,Turf,14,Good (Good to Yielding in places),1760,,3+,['Lets Avit']
Curragh 1st Jul,7f Mdn,School Of Law,0,5.24281893,4.9148,6.7546,7.0,5.0,120.0,5.6,608.71,33396.15,6037.66,2,131,W J Lee,M OCallaghan,,2,.5,4.5,6,Turf,13,Good (Good to Yielding in places),1540,,2,None
Curragh 1st Jul,7f Mdn,Badda Bing,0,54.59081419,31.7675,22.9047,60.0,17.0,1000.0,46.0,246.35,3207.13,299.97,2,131,A J Slattery,A Slattery,,,2,26.0,13,Turf,13,Good (Good to Yielding in places),1540,,2,None
Curragh 1st Jul,1m Mdn,Neowise,0,44.0,38.3091,23.7265,55.0,27.0,920.0,34.0,76.1,3673.66,740.59,3,129,N M Crosse,Mrs J Harrington,,028,1.75,29.0,5,Turf,14,Good (Good to Yielding in places),1760,,3+,['Lets Avit']
Curragh 1st Jul,6f Hcap,Coumshingaun,1,6.30091414,5.544,7.6689,8.0,5.9,9.8,1.01,748.44,30113.19,92485.66,4,121,N M Crosse,Kevin Coleman,74,00423,,5.5,1,Turf,13,Good (Good to Yielding in places),1320,,3+,"['Parting Glass', 'Midnight Fire']"
Curragh 1st Jul,1m2f Hcap,Alanya,1,60.45613817,48.2815,48.1174,75.0,38.0,50.0,1.01,42.18,3040.1,32572.31,4,132,Amy Jo Hayes,T Gibney,77,215,,41.0,1,Turf,15,Good (Good to Yielding in places),2200,,4+,None
Curragh 1st Jul,2m Hcap,Crystal Caves,0,44.07647616,41.1085,36.493,67.99,29.0,990.0,29.0,111.07,3916.14,1141.72,4,119,J A Powell,T Gibney,69,565414,1.25,29.0,14,Turf,16,Good (Good to Yielding in places),3520,,4+,['Firstman']
Curragh 1st Jul,1m2f Hcap,Charcor,0,137.58817579,75.615,55.1587,280.0,38.0,200.0,32.0,138.42,4050.18,1242.62,9,139,A Satabin,M Brassil,84,128029,.5,81.0,15,Turf,15,Good (Good to Yielding in places),2200,,4+,None
Curragh 1st Jul,1m2f Grp 1,Never Ending Story,0,13.73689678,10.2164,7.839,15.5,5.2,1000.0,11.5,2210.17,27255.11,3331.39,3,126,W M Lordan,A P OBrien,110,343152,2.25,9.5,7,Turf,9,Good (Good to Yielding in places),2200,1,3+,None
Curragh 1st Jul,1m2f Grp 1,Goldana,0,50.0,39.9127,34.5814,65.0,29.0,1000.0,42.0,530.16,6035.87,623.61,4,136,D McMonagle,J P OBrien,104,132114,1.25,34.0,6,Turf,9,Good (Good to Yielding in places),2200,1,3+,None
Curragh 1st Jul,1m2f Hcap,Draco Pulchrac,0,21.0,13.948,22.2567,30.0,12.5,880.0,21.0,429.06,12574.64,2044.68,5,122,Emily Finnegan,A J Martin,67,031186,1.75,15.0,10,Turf,15,Good (Good to Yielding in places),2200,,4+,None
Curragh 1st Jul,1m Mdn,Ghost Dance,0,26.74940453,24.1698,24.8019,34.0,16.49,1000.0,24.0,94.66,4673.07,1798.75,3,129,W J Lee,A Oliver,,,1.75,17.0,3,Turf,14,Good (Good to Yielding in places),1760,,3+,['Lets Avit']
Curragh 1st Jul,1m Mdn,Gardone,0,268.53000828,289.1466,34.5428,430.0,120.0,1000.0,420.0,10.0,582.27,180.52,3,134,N G McCullagh,Charles Weld,,8,4.5,126.0,8,Turf,14,Good (Good to Yielding in places),1760,,3+,['Lets Avit']
Curragh 1st Jul,6f Hcap,Dream Today,0,26.72313754,22.2464,25.9205,34.0,20.0,1000.0,24.0,176.1,5763.35,868.44,8,127,C J MacRedmond,A McGuinness,80,133035,2.75,21.0,11,Turf,13,Good (Good to Yielding in places),1320,,3+,"['Parting Glass', 'Midnight Fire']"
Curragh 1st Jul,1m2f Grp 3,Layfayette,0,7.35923427,6.1596,4.6395,7.4,4.4,1000.0,18.5,1592.96,41532.56,5198.46,6,135,C D Hayes,N Meade,109,732341,1.5,5.5,4,Turf,5,Good (Good to Yielding in places),2200,1,3+,None
Curragh 1st Jul,1m Mdn,Pittsford,0,7.30824046,9.4425,10.3469,14.5,7.0,1000.0,5.9,231.92,17123.66,3612.85,3,134,R P Whelan,M Halford  T Collins,,7,.5,6.0,12,Turf,14,Good (Good to Yielding in places),1760,,3+,['Lets Avit']
Curragh 1st Jul,6f Grp 2,Ashwiyaa,0,36.61505154,30.8346,39.295,70.0,28.0,460.0,20.0,107.94,3702.98,771.99,2,128,D P McDonogh,M OCallaghan,,32,2.25,23.0,3,Turf,7,Good (Good to Yielding in places),1320,1,2,None
Curragh 1st Jul,1m Mdn,Pink Sorrel,1,19.94522455,16.1094,18.7101,19.4,13.0,20.0,1.01,223.69,8853.72,31294.1,3,129,G F Carroll,J G Murphy,81,380,,12.0,1,Turf,14,Good (Good to Yielding in places),1760,,3+,['Lets Avit']
Curragh 1st Jul,2m Hcap,Kingswear,0,32.0,27.2128,25.2109,34.0,25.0,990.0,28.0,122.33,4746.59,784.73,6,135,J M Sheridan,D Hogan,86,732676,39,21.0,16,Turf,16,Good (Good to Yielding in places),3520,,4+,['Firstman']
Curragh 1st Jul,1m Mdn,Capernoity,0,1000.0,965.2395,105.3588,1000.0,72.75,1000.0,1000.0,24.66,776.62,34.83,3,134,D W OConnor,J F Levins,,09,1.5,201.0,11,Turf,14,Good (Good to Yielding in places),1760,,3+,['Lets Avit']
Curragh 1st Jul,6f Hcap,Gabriellas Spirit,0,22.8839103,16.2341,18.9762,27.0,17.0,1000.0,10.5,338.82,6252.32,1997.44,4,121,C D Hayes,K J Condon,74,771916,hd,19.0,3,Turf,13,Good (Good to Yielding in places),1320,,3+,"['Parting Glass', 'Midnight Fire']"
Curragh 1st Jul,6f Grp 2,Grand Job,0,6.8,6.5564,6.8696,9.4,5.9,1000.0,5.5,966.84,22067.2,4361.94,2,128,D McMonagle,J P OBrien,,2,3.25,5.5,5,Turf,7,Good (Good to Yielding in places),1320,1,2,None
Curragh 1st Jul,1m Mdn,Parish Centre,0,32.0,31.4586,33.2945,42.0,26.0,1000.0,3.55,48.73,4900.77,2846.13,3,134,R P Cleary,J S Bolger,75,805,3.5,21.0,2,Turf,14,Good (Good to Yielding in places),1760,,3+,['Lets Avit']
Curragh 1st Jul,6f Grp 2,Gunzburg,0,17.63103573,12.9553,11.5317,19.0,9.4,1000.0,18.0,916.05,10506.03,2003.82,2,128,W J Lee,P Twomey,,41,1.75,12.0,2,Turf,7,Good (Good to Yielding in places),1320,1,2,None
Curragh 1st Jul,6f Hcap,Hallowed Time,0,22.67635277,16.341,11.8291,25.0,11.0,1000.0,7.0,721.71,9574.6,2593.3,5,122,D P McDonogh,Eoghan ONeill,75,090204,hd,17.0,4,Turf,13,Good (Good to Yielding in places),1320,,3+,"['Parting Glass', 'Midnight Fire']"
Curragh 1st Jul,1m2f Hcap,Coill Na Sionainne,0,25.0,18.9021,23.4409,26.0,17.0,1000.0,15.5,122.48,8313.42,1333.84,7,131,Jessica Maye,W McCreery,76,970742,nk,17.0,11,Turf,15,Good (Good to Yielding in places),2200,,4+,None
Curragh 1st Jul,1m2f Hcap,Higher Kingdom,0,60.8935977,33.6397,26.8688,70.0,23.0,1000.0,19.5,562.46,3761.8,772.98,6,138,Siobhan Rutledge,J C McConnell,83,813177,4.75,29.0,2,Turf,15,Good (Good to Yielding in places),2200,,4+,None
Curragh 1st Jul,6f Hcap,Heavenly Power,0,10.33615705,8.7113,12.74,13.0,8.8,1000.0,5.0,305.49,15136.0,2098.28,5,123,B M Coen,E Lynam,76,260150,2.5,8.0,5,Turf,13,Good (Good to Yielding in places),1320,,3+,"['Parting Glass', 'Midnight Fire']"
Curragh 1st Jul,6f Hcap,Gordon Bennett,0,9.44725665,7.6017,7.6371,11.0,7.0,1000.0,14.5,1071.1,25025.07,4188.51,5,140,G F Carroll,R Brabazon,93,811515,1.25,8.0,10,Turf,13,Good (Good to Yielding in places),1320,,3+,"['Parting Glass', 'Midnight Fire']"
Curragh 1st Jul,2m Hcap,Grappa Nonino,0,6.94216294,6.7723,7.0246,8.2,5.1,1000.0,7.8,1051.7,29700.21,3988.33,4,119,C D Hayes,D K Weld,67,406421,1.5,6.0,10,Turf,16,Good (Good to Yielding in places),3520,,4+,['Firstman']
Curragh 1st Jul,7f Mdn,Auguste Lumiere,0,60.0,40.3694,30.1148,75.0,34.0,250.0,30.0,130.56,3590.84,605.08,2,131,R P Cleary,J S Bolger,,,2.25,34.0,8,Turf,13,Good (Good to Yielding in places),1540,,2,None
Curragh 1st Jul,1m2f Grp 3,Mashhoor,1,7.69070245,8.5349,7.9084,14.5,7.2,6.8,1.01,1133.32,33237.39,50067.64,5,135,B M Coen,J P Murtagh,105,410011,,7.0,1,Turf,5,Good (Good to Yielding in places),2200,1,3+,None
Curragh 1st Jul,1m2f Grp 1,Insinuendo,0,23.89208028,19.6961,26.849,38.0,18.5,1000.0,25.0,572.78,12351.99,1424.72,6,136,D P McDonogh,W McCreery,105,037143,2.75,17.0,8,Turf,9,Good (Good to Yielding in places),2200,1,3+,None
Curragh 1st Jul,1m2f Grp 3,Al Riffa,0,1.95,1.9773,2.2779,2.34,1.84,1000.0,1.8,4798.19,291065.73,29446.35,3,130,D McMonagle,J P OBrien,114,211,4.75,1.8333333333333333,2,Turf,5,Good (Good to Yielding in places),2200,1,3+,None
Curragh 1st Jul,2m Hcap,Almuhit,0,14.82867908,16.255,14.0368,22.34,13.0,1000.0,9.0,321.84,9961.35,2208.53,4,138,J A Heffernan,D Hogan,89,123002,.75,12.0,3,Turf,16,Good (Good to Yielding in places),3520,,4+,['Firstman']
Curragh 1st Jul,1m Mdn,Beyond The Steps,0,30.0,33.445,21.2363,46.0,23.0,1000.0,27.0,103.94,3429.22,847.18,3,134,S Foley,Mrs J Harrington,,7,9.5,21.0,14,Turf,14,Good (Good to Yielding in places),1760,,3+,['Lets Avit']
Curragh 1st Jul,1m2f Grp 1,Via Sistina,1,2.51110383,2.7952,3.0031,3.45,2.48,4.4,1.01,17790.41,215413.46,239601.97,5,136,J P Spencer,G Boughey,115,104211,,2.5,1,Turf,9,Good (Good to Yielding in places),2200,1,3+,None
Curragh 1st Jul,1m Mdn,Highland Rahy,0,52.76824658,40.2448,19.2653,60.0,24.25,1000.0,15.0,75.64,2591.74,916.24,3,134,J M Sheridan,J A Stack,82,4035,2.5,29.0,4,Turf,14,Good (Good to Yielding in places),1760,,3+,['Lets Avit']
Curragh 1st Jul,7f Mdn,Burn The Bridges,0,129.95505106,55.4199,46.7465,130.0,40.0,620.0,120.0,421.04,2373.73,185.75,2,131,B M Coen,J P Murtagh,,,2,41.0,12,Turf,13,Good (Good to Yielding in places),1540,,2,None
Curragh 1st Jul,2m Hcap,Magellan Strait,0,42.0,43.7974,39.988,60.0,34.0,1000.0,60.0,94.4,4001.03,493.89,4,140,M P Sheehy,J P OBrien,91,612108,9,29.0,15,Turf,16,Good (Good to Yielding in places),3520,,4+,['Firstman']
Curragh 1st Jul,2m Hcap,Foveros,0,55.0,49.2752,21.0497,70.0,19.43,240.0,27.0,151.31,3891.43,921.38,8,129,W M Lordan,W P Mullins,80,012000,nk,34.0,8,Turf,16,Good (Good to Yielding in places),3520,,4+,['Firstman']
Curragh 1st Jul,1m2f Hcap,Pachmena,0,9.55086829,8.721,14.5648,17.0,9.4,1000.0,9.2,633.92,21235.39,5246.48,6,127,Julie Burke,G P Cromwell,72,244642,.75,9.0,9,Turf,15,Good (Good to Yielding in places),2200,,4+,None
Curragh 1st Jul,1m2f Hcap,Longbourn,0,11.0,9.4869,10.5285,14.0,9.0,690.0,3.2,555.5,17475.06,3527.16,7,143,Miss J Townend,R OSullivan,88,322003,sh,8.5,5,Turf,15,Good (Good to Yielding in places),2200,,4+,None
Curragh 1st Jul,7f Mdn,Rapid Mission,0,12.5,10.656,12.0797,14.5,9.8,1000.0,18.0,477.45,11079.81,1279.38,2,131,S Foley,J P OBrien,,,sh,10.0,7,Turf,13,Good (Good to Yielding in places),1540,,2,None
Curragh 1st Jul,2m Hcap,Immelmann,0,6.2,7.6922,10.7775,14.57,6.0,1000.0,5.3,807.5,31729.82,8279.95,5,127,G F Carroll,W P Mullins,78,3283,sh,5.5,6,Turf,16,Good (Good to Yielding in places),3520,,4+,['Firstman']
Curragh 1st Jul,1m2f Grp 3,Self Belief,0,18.84398453,18.3817,18.1401,22.0,13.5,1000.0,25.0,475.74,14366.76,1758.91,4,135,W J Lee,W McCreery,105,15134,10,17.0,5,Turf,5,Good (Good to Yielding in places),2200,1,3+,None
Curragh 1st Jul,7f Mdn,Truly Kodi,0,212.85694299,131.5216,50.3199,270.0,100.0,1000.0,190.0,52.58,1071.76,185.21,2,131,R C Colgan,S Lavery,,,hd,67.0,9,Turf,13,Good (Good to Yielding in places),1540,,2,None
Curragh 1st Jul,2m Hcap,Marvelosa,0,12.80382108,13.36,20.18,23.31,10.0,1000.0,2.2,360.88,16937.32,3472.64,4,124,D McMonagle,R OBrien,75,744213,sh,9.5,4,Turf,16,Good (Good to Yielding in places),3520,,4+,['Firstman']
Curragh 1st Jul,6f Hcap,Song For Whoever,0,27.0,21.2346,25.2632,34.0,19.0,1000.0,27.0,235.02,6956.97,516.11,3,128,J Kearney,John ODonoghue,87,281106,hd,17.0,7,Turf,13,Good (Good to Yielding in places),1320,,3+,"['Parting Glass', 'Midnight Fire']"
Curragh 1st Jul,7f Mdn,Koniag,0,100.0,45.4186,36.2809,110.0,34.0,1000.0,90.0,102.48,2134.1,521.51,2,131,D P McDonogh,K P Cotter,,,1.5,51.0,11,Turf,13,Good (Good to Yielding in places),1540,,2,None
Curragh 1st Jul,1m2f Hcap,Lord Vader,0,12.0,11.3435,10.0978,26.0,10.0,980.0,12.0,600.87,14518.25,3125.53,4,127,Miss S Ahern,E Mullins,72,232604,nk,10.0,4,Turf,15,Good (Good to Yielding in places),2200,,4+,None
Curragh 1st Jul,1m Mdn,Hot Moon,0,240.0,120.6155,67.9058,340.0,55.0,1000.0,80.0,28.46,1836.06,323.5,3,134,D N Curran,J G Coogan,,6,2.25,81.0,10,Turf,14,Good (Good to Yielding in places),1760,,3+,['Lets Avit']
Curragh 1st Jul,1m2f Hcap,Dancing Tango,0,7.55529441,7.3381,6.7849,12.0,6.8,960.0,7.2,810.01,21979.37,3136.14,4,144,Miss M OSullivan,J P OBrien,89,521451,.5,7.0,7,Turf,15,Good (Good to Yielding in places),2200,,4+,None
